,Unnamed: 0,Unnamed: 1,Unnamed: 2,Unnamed: 3,Unnamed: 4,Unnamed: 5,Unnamed: 6,Unnamed: 7,Unnamed: 8,Unnamed: 9,Unnamed: 10,Unnamed: 11,Unnamed: 12,Unnamed: 13,Unnamed: 14,Unnamed: 15,Unnamed: 16,Unnamed: 17,Unnamed: 18,Unnamed: 19,Unnamed: 20,Unnamed: 21,Unnamed: 22,Unnamed: 23,Unnamed: 24
0,,6-1.,RT,,,,,,,,,,,,,,,,,,,,,,
1,,"*보정계수 ㉮ 월 생산성은 4.직접인건비TAB에서 산출, ㉯ 대상시설(플랜트, 수송배관) : 1, ㉰ 작업조건(일반작업) : 1, ㉳ 적용필름(단일필름) : 1 적용 ",,,,,,,,,,,,,,,,,,,,,,,
2,,ㅇ 인치별 용접개소 산출방법,,,,,,,,,,,,,,,,,,,,,,,
3,,"[주배관]
(주간) 주배관 주간 용접물량 90% 적용
(휴일) 주배관 주간 용접물량 10% 적용
(야간) 주배관 야간 용접물량 100% 적용",,,"[관리소]
(주간) 인치별 용접물량 × 80% 적용
(휴일) 인치별 용접물량 × 10% 적용
(야간) 인치별 용접물량 × 10% 적용",,,,,,,,,,,,,,,,,,,,
4,,,,,,,,,,,,,,,,,,,,,,,,,
5,,,,,,,,,,,,,,,,,,,,,,,,,
6,,  □ RT주간,,,,,,,,,,,,,,,,,,,,,,,
7,,구경,"방사선원
종류","방사선원
보정계수㉲",투과두께,"투과두께
보정계수㉱","보정계수
종합","대상
분야",용접개소(BW),,,,,,,"개소당
촬영매수","개소당
촬영매수
(숨김)","대상
분야
(숨김)","필름
규격
(숨김)",ORIGINAL,REPAIR(3%),TOTAL,산식적용값,"필름
규격",비고
8,,,,,,,,,가산~가평,,,,,,소계,,,,,,,,,,
9,,"34""~36""",Ir-192 또는 Se-75,1,15mm 이하,1,1,관리소,,,,,,,0,8,8,관리소,B,0,,0,0,B,
10,,,,,,,1,주배관,,,,,,,0,,8,주배관,B,0,,0,0,,
11,,,,,15mm초과~25mm이하,1.4,1.4,관리소,,,,,,,0,,8,관리소,B,0,,0,0,,
12,,,,,,,1.4,주배관,,,,,,,0,,8,주배관,B,0,,0,0,,
13,,,X-ray 발생장치,1.3,15mm 이하,1,1.3,관리소,,,,,,,0,,8,관리소,B,0,,0,0,,
14,,,,,,,1.3,주배관,,,,,,,0,,8,주배관,B,0,,0,0,,
15,,,,,15mm초과~25mm이하,1.4,1.8199999999999998,관리소,,,,,,,0,,8,관리소,B,0,,0,0,,
16,,,,,,,1.8199999999999998,주배관,,,,,,,0,,8,주배관,B,0,,0,0,,
17,,"30""",Ir-192 또는 Se-75,1,15mm 이하,1,1,관리소,15,,,,,,15,7,7,관리소,B,105,,105,105,B,"ㅇ 주간 관리소 용접물량(전체물량의 80%)에서
     '내부선원법:외부선원법'의 비율을 '8:2'로 적용

 ㅇ투과두께
   (내부선원법) 12.7mm
   (외부선원법) 12.7mm × 2(이중벽) = 25.4mm"
18,,,,,,,1,주배관,,,,,,,0,,7,주배관,B,0,,0,0,,
19,,,,,15mm초과~25mm이하,1.4,1.4,관리소,,,,,,,0,,7,관리소,B,0,,0,0,,
20,,,,,,,1.4,주배관,,,,,,,0,,7,주배관,B,0,,0,0,,
21,,,,,25mm초과~40mm이하,2.2,2.2,관리소,3,,,,,,3,,7,관리소,B,21,,21,46,,
22,,,,,,,2.2,주배관,,,,,,,,,7,주배관,B,0,,0,0,,
23,,,X-ray 발생장치,1.3,15mm 이하,1,1.3,관리소,,,,,,,0,,7,관리소,B,,,,,,
24,,,,,,,1.3,주배관,,,,,,,0,,7,주배관,B,,,,,,
25,,,,,15mm초과~25mm이하,1.4,1.8199999999999998,관리소,,,,,,,0,,7,관리소,B,,,,,,
26,,,,,,,1.8199999999999998,주배관,,,,,,,0,,7,주배관,B,,,,,,
27,,"24""",Ir-192 또는 Se-75,1,15mm 이하,1,1,관리소,,,,,,,0,7,7,관리소,B,0,,0,0,B,
28,,,,,,,1,주배관,,,,,,,0,,7,주배관,B,0,,0,0,,
29,,,,,15mm초과~25mm이하,1.4,1.4,관리소,,,,,,,0,,7,관리소,B,0,,0,0,,
30,,,,,,,1.4,주배관,,,,,,,0,,7,주배관,B,0,,0,0,,
31,,,X-ray 발생장치,1.3,15mm 이하,1,1.3,관리소,,,,,,,0,,7,관리소,B,0,,0,0,,
32,,,,,,,1.3,주배관,,,,,,,0,,7,주배관,B,0,,0,0,,
33,,,,,15mm초과~25mm이하,1.4,1.8199999999999998,관리소,,,,,,,0,,7,관리소,B,0,,0,0,,
34,,,,,,,1.8199999999999998,주배관,,,,,,,0,,7,주배관,B,0,,0,0,,
35,,"20""",Ir-192 또는 Se-75,1,15mm 이하,1,1,관리소,137,,,,,,137,5,5,관리소,B,685,,685,685,B,"ㅇ 주간 주배관 및 용접관리소 용접물량에서
     '내부선원법:외부선원법'의 비율을 '8:2'로 적용

 ㅇ투과두께 : 
    (내부선원법) 11.9mm
    (외부선원법) 11.9mm × 2(이중벽) = 23.8mm"
36,,,,,,,1,주배관,2272,,,,,,2272,,5,주배관,B,11360,,11360,11360,,
37,,,,,15mm초과~25mm이하,1.4,1.4,관리소 ,35,,,,,,35,,5,관리소,B,175,,175,245,,
38,,,,,,,1.4,주배관,569,,,,,,569,,5,주배관,B,2845,,2845,3983,,
39,,,X-ray 발생장치,1.3,15mm 이하,1,1.3,관리소,,,,,,,0,,5,관리소,B,0,,0,0,,
40,,,,,,,1.3,주배관,,,,,,,0,,5,주배관,B,0,,0,0,,
41,,,,,15mm초과~25mm이하,1.4,1.8199999999999998,관리소,,,,,,,0,,5,관리소,B,0,,0,0,,
42,,,,,,,1.8199999999999998,주배관,,,,,,,0,,5,주배관,B,0,,0,0,,
43,,"16""",Ir-192 또는 Se-75,1,15mm 이하,1,1,관리소,,,,,,,0,5,5,관리소,A,0,,0,0,A,투과두께 : 9.5mm × 2(이중벽) = 19mm
44,,,,,,,1,주배관,,,,,,,0,,5,주배관,A,0,,0,0,,
45,,,,,15mm초과~25mm이하,1.4,1.4,관리소,7,,,,,,7,,5,관리소,A,35,,35,49,,
46,,,,,,,1.4,주배관,,,,,,,0,,5,주배관,A,0,,0,0,,
47,,,X-ray 발생장치,1.3,15mm 이하,1,1.3,관리소,,,,,,,0,,5,관리소,A,0,,0,0,,
48,,,,,,,1.3,주배관,,,,,,,0,,5,주배관,A,0,,0,0,,
49,,,,,15mm초과~25mm이하,1.4,1.8199999999999998,관리소,,,,,,,0,,5,관리소,A,0,,0,0,,
50,,,,,,,1.8199999999999998,주배관,,,,,,,0,,5,주배관,A,0,,0,0,,
51,,"14""",Ir-192 또는 Se-75,1,15mm 이하,1,1,관리소,,,,,,,0,5,5,관리소,A,0,,0,0,A,투과두께 : 9.5mm × 2(이중벽) = 19mm
52,,,,,,,1,주배관,,,,,,,0,,5,주배관,A,0,,0,0,,
53,,,,,15mm초과~25mm이하,1.4,1.4,관리소,140,,,,,,140,,5,관리소,A,700,,700,980,,
54,,,,,,,1.4,주배관,,,,,,,0,,5,주배관,A,0,,0,0,,
55,,,X-ray 발생장치,1.3,15mm 이하,1,1.3,관리소,,,,,,,0,,5,관리소,A,0,,0,0,,
56,,,,,,,1.3,주배관,,,,,,,0,,5,주배관,A,0,,0,0,,
57,,,,,15mm초과~25mm이하,1.4,1.8199999999999998,관리소,,,,,,,0,,5,관리소,A,0,,0,0,,
58,,,,,,,1.8199999999999998,주배관,,,,,,,0,,5,주배관,A,0,,0,0,,
59,,"12""",Ir-192 또는 Se-75,1,15mm 이하,1,1,관리소,,,,,,,0,4,4,관리소,A,0,,0,0,A,"ㅇ투과두께
    (P7,5) 9.5mm × 2(이중벽) = 19.0mm
    (P4,3,2,0.9) 8.4mm × 2(이중벽) = 16.8mm
 "
60,,,,,,,1,주배관,,,,,,,0,,4,주배관,A,0,,0,0,,
61,,,,,15mm초과~25mm이하,1.4,1.4,관리소,22,,,,,,22,,4,관리소,A,88,,88,123,,
62,,,,,,,1.4,주배관,,,,,,,0,,4,주배관,A,0,,0,0,,
63,,,,,25mm초과~40mm이하,2.2,2.2,관리소,,,,,,,0,,4,관리소,A,0,,0,0,,
64,,,,,,,2.2,주배관,,,,,,,,,4,주배관,A,0,,0,0,,
65,,,X-ray 발생장치,1.3,15mm 이하,1,1.3,관리소,,,,,,,0,,4,관리소,A,0,,0,0,,
66,,,,,,,1.3,주배관,,,,,,,0,,4,주배관,A,0,,0,0,,
67,,,,,15mm초과~25mm이하,1.4,1.8199999999999998,관리소,,,,,,,0,,4,관리소,A,0,,0,0,,
68,,,,,,,1.8199999999999998,주배관,,,,,,,0,,4,주배관,A,0,,0,0,,
69,,"10""",Ir-192 또는 Se-75,1,15mm 이하,1,1,관리소,,,,,,,0,4,4,관리소,A,0,,0,0,A,"ㅇ투과두께
    (P7,5) 9.5mm × 2(이중벽) = 19.0mm
    (P4,3,2,0.9) 7.8mm × 2(이중벽) = 15.6mm
 "
70,,,,,,,1,주배관,,,,,,,0,,4,주배관,A,0,,0,0,,
71,,,,,15mm초과~25mm이하,1.4,1.4,관리소,147,,,,,,147,,4,관리소,A,588,,588,823,,
72,,,,,,,1.4,주배관,,,,,,,0,,4,주배관,A,0,,0,0,,
73,,,,,25mm초과~40mm이하,2.2,2.2,관리소,,,,,,,0,,4,관리소,A,0,,0,0,,
74,,,,,,,2.2,주배관,,,,,,,,,4,주배관,A,0,,0,0,,
75,,,X-ray 발생장치,1.3,15mm 이하,1,1.3,관리소,,,,,,,0,,4,관리소,A,0,,0,0,,
76,,,,,,,1.3,주배관,,,,,,,0,,4,주배관,A,0,,0,0,,
77,,,,,15mm초과~25mm이하,1.4,1.8199999999999998,관리소,,,,,,,0,,4,관리소,A,0,,0,0,,
78,,,,,,,1.8199999999999998,주배관,,,,,,,0,,4,주배관,A,0,,0,0,,
79,,"8""",Ir-192 또는 Se-75,1,15mm 이하,1,1,관리소,,,,,,,0,3,3,관리소,A,0,,0,0,A,투과두께 : 9.5mm × 2(이중벽) = 19mm
80,,,,,,,1,주배관,,,,,,,0,,3,주배관,A,0,,0,0,,
81,,,,,15mm초과~25mm이하,1.4,1.4,관리소,26,,,,,,26,,3,관리소,A,78,,78,109,,
82,,,,,,,1.4,주배관,,,,,,,0,,3,주배관,A,0,,0,0,,
83,,,X-ray 발생장치,1.3,15mm 이하,1,1.3,관리소,,,,,,,0,,3,관리소,A,0,,0,0,,
84,,,,,,,1.3,주배관,,,,,,,0,,3,주배관,A,0,,0,0,,
85,,,,,15mm초과~25mm이하,1.4,1.8199999999999998,관리소,,,,,,,0,,3,관리소,A,0,,0,0,,
86,,,,,,,1.8199999999999998,주배관,,,,,,,0,,3,주배관,A,0,,0,0,,
87,,"6""",Ir-192 또는 Se-75,1,15mm 이하,1,1,관리소,36,,,,,,36,3,3,관리소,A,108,,108,108,A,투과두께 : 7.1mm × 2(이중벽) = 14.2mm
88,,,,,,,1,주배관,,,,,,,0,,3,주배관,A,0,,0,0,,
89,,,,,15mm초과~25mm이하,1.4,1.4,관리소,,,,,,,0,,3,관리소,A,0,,0,0,,
90,,,,,,,1.4,주배관,,,,,,,0,,3,주배관,A,0,,0,0,,
91,,,X-ray 발생장치,1.3,15mm 이하,1,1.3,관리소,,,,,,,0,,3,관리소,A,0,,0,0,,
92,,,,,,,1.3,주배관,,,,,,,0,,3,주배관,A,0,,0,0,,
93,,,,,15mm초과~25mm이하,1.4,1.8199999999999998,관리소,,,,,,,0,,3,관리소,A,0,,0,0,,
94,,,,,,,1.8199999999999998,주배관,,,,,,,0,,3,주배관,A,0,,0,0,,
95,,"4""",Ir-192 또는 Se-75,1,15mm 이하,1,1,관리소,126,,,,,,126,3,3,관리소,A/2,378,,378,378,A/2,투과두께 : 6.0mm × 2(이중벽) = 12.0mm
96,,,,,,,1,주배관,,,,,,,0,,3,주배관,A/2,0,,0,0,,
97,,,,,15mm초과~25mm이하,1.4,1.4,관리소,,,,,,,0,,3,관리소,A/2,0,,0,0,,
98,,,,,,,1.4,주배관,,,,,,,0,,3,주배관,A/2,0,,0,0,,
99,,,X-ray 발생장치,1.3,15mm 이하,1,1.3,관리소,,,,,,,0,,3,관리소,A/2,0,,0,0,,
100,,,,,,,1.3,주배관,,,,,,,0,,3,주배관,A/2,0,,0,0,,
101,,,,,15mm초과~25mm이하,1.4,1.8199999999999998,관리소,,,,,,,0,,3,관리소,A/2,0,,0,0,,
102,,,,,,,1.8199999999999998,주배관,,,,,,,0,,3,주배관,A/2,0,,0,0,,
103,,"3""",Ir-192 또는 Se-75,1,15mm 이하,1,1,관리소,,,,,,,0,3,3,관리소,A/2,0,,0,0,A/2,
104,,,,,,,1,주배관,,,,,,,0,,3,주배관,A/2,0,,0,0,,
105,,,,,15mm초과~25mm이하,1.4,1.4,관리소,,,,,,,0,,3,관리소,A/2,0,,0,0,,
106,,,,,,,1.4,주배관,,,,,,,0,,3,주배관,A/2,0,,0,0,,
107,,,X-ray 발생장치,1.3,15mm 이하,1,1.3,관리소,,,,,,,0,,3,관리소,A/2,0,,0,0,,
108,,,,,,,1.3,주배관,,,,,,,0,,3,주배관,A/2,0,,0,0,,
109,,,,,15mm초과~25mm이하,1.4,1.8199999999999998,관리소,,,,,,,0,,3,관리소,A/2,0,,0,0,,
110,,,,,,,1.8199999999999998,주배관,,,,,,,0,,3,주배관,A/2,0,,0,0,,
111,,"2""",Ir-192 또는 Se-75,1,15mm 이하,1,1,관리소,272,,,,,,272,3,3,관리소,A/2,816,,816,816,A/2,투과두께 : 5.5mm이하(XS) × 2(이중벽) = 11.0mm이하
112,,,,,,,1,주배관,,,,,,,0,,3,주배관,A/2,0,,0,0,,
113,,,,,15mm초과~25mm이하,1.4,1.4,관리소,,,,,,,0,,3,관리소,A/2,0,,0,0,,
114,,,,,,,1.4,주배관,,,,,,,0,,3,주배관,A/2,0,,0,0,,
115,,,X-ray 발생장치,1.3,15mm 이하,1,1.3,관리소,,,,,,,0,,3,관리소,A/2,0,,0,0,,
116,,,,,,,1.3,주배관,,,,,,,0,,3,주배관,A/2,0,,0,0,,
117,,,,,15mm초과~25mm이하,1.4,1.8199999999999998,관리소,,,,,,,0,,3,관리소,A/2,0,,0,0,,
118,,,,,,,1.8199999999999998,주배관,,,,,,,0,,3,주배관,A/2,0,,0,0,,
119,,"1½""",Ir-192 또는 Se-75,1,15mm 이하,1,1,관리소,20,,,,,,20,3,3,관리소,A/2,60,,60,60,A/2,투과두께 : 5.5mm이하(XS) × 2(이중벽) = 11.0mm이하
120,,,,,,,1,주배관,,,,,,,0,,3,주배관,A/2,0,,0,0,,
121,,,,,15mm초과~25mm이하,1.4,1.4,관리소,,,,,,,0,,3,관리소,A/2,0,,0,0,,
122,,,,,,,1.4,주배관,,,,,,,0,,3,주배관,A/2,0,,0,0,,
123,,,X-ray 발생장치,1.3,15mm 이하,1,1.3,관리소,,,,,,,0,,3,관리소,A/2,0,,0,0,,
124,,,,,,,1.3,주배관,,,,,,,0,,3,주배관,A/2,0,,0,0,,
125,,,,,15mm초과~25mm이하,1.4,1.8199999999999998,관리소,,,,,,,0,,3,관리소,A/2,0,,0,0,,
126,,,,,,,1.8199999999999998,주배관,,,,,,,0,,3,주배관,A/2,0,,0,0,,
127,,"1""",Ir-192 또는 Se-75,1,15mm 이하,1,1,관리소,3,,,,,,3,3,3,관리소,A/2,9,,9,9,A/2,투과두께 : 5.5mm이하(XS) × 2(이중벽) = 11.0mm이하
128,,,,,,,1,주배관,,,,,,,0,,3,주배관,A/2,0,,0,0,,
129,,,,,15mm초과~25mm이하,1.4,1.4,관리소,,,,,,,0,,3,관리소,A/2,0,,0,0,,
130,,,,,,,1.4,주배관,,,,,,,0,,3,주배관,A/2,0,,0,0,,
131,,,X-ray 발생장치,1.3,15mm 이하,1,1.3,관리소,,,,,,,0,,3,관리소,A/2,0,,0,0,,
132,,,,,,,1.3,주배관,,,,,,,0,,3,주배관,A/2,0,,0,0,,
133,,,,,15mm초과~25mm이하,1.4,1.8199999999999998,관리소,,,,,,,0,,3,관리소,A/2,0,,0,0,,
134,,,,,,,1.8199999999999998,주배관,,,,,,,0,,3,주배관,A/2,0,,0,0,,
135,,"3/4""",Ir-192 또는 Se-75,1,15mm 이하,1,1,관리소,20,,,,,,20,3,3,관리소,A/2,60,,60,60,A/2,투과두께 : 5.5mm이하(XS) × 2(이중벽) = 11.0mm이하
136,,,,,,,1,주배관,,,,,,,0,,3,주배관,A/2,0,,0,0,,
137,,,,,15mm초과~25mm이하,1.4,1.4,관리소,,,,,,,0,,3,관리소,A/2,0,,0,0,,
138,,,,,,,1.4,주배관,,,,,,,0,,3,주배관,A/2,0,,0,0,,
139,,,X-ray 발생장치,1.3,15mm 이하,1,1.3,관리소,,,,,,,0,,3,관리소,A/2,0,,0,0,,
140,,,,,,,1.3,주배관,,,,,,,0,,3,주배관,A/2,0,,0,0,,
141,,,,,15mm초과~25mm이하,1.4,1.8199999999999998,관리소,,,,,,,0,,3,관리소,A/2,0,,0,0,,
142,,,,,,,1.8199999999999998,주배관,,,,,,,0,,3,주배관,A/2,0,,0,0,,
143,,"1/2""",Ir-192 또는 Se-75,1,15mm 이하,1,1,관리소,12,,,,,,12,3,3,관리소,A/2,36,,36,36,A/2,투과두께 : 5.5mm이하(XS) × 2(이중벽) = 11.0mm이하
144,,,,,,,1,주배관,,,,,,,0,,3,주배관,A/2,0,,0,0,,
145,,,,,15mm초과~25mm이하,1.4,1.4,관리소,,,,,,,0,,3,관리소,A/2,0,,0,0,,
146,,,,,,,1.4,주배관,,,,,,,0,,3,주배관,A/2,0,,0,0,,
147,,,X-ray 발생장치,1.3,15mm 이하,1,1.3,관리소,,,,,,,0,,3,관리소,A/2,0,,0,0,,
148,,,,,,,1.3,주배관,,,,,,,0,,3,주배관,A/2,0,,0,0,,
149,,,,,15mm초과~25mm이하,1.4,1.8199999999999998,관리소,,,,,,,0,,3,관리소,A/2,0,,0,0,,
150,,,,,,,1.8199999999999998,주배관,,,,,,,0,,3,주배관,A/2,0,,0,0,,
151,,"2½""이하-(1)",Ir-192 또는 Se-75,1,15mm 이하,1,1,관리소,,,,,,,0,2,2,관리소,A/2,0,,0,0,A/2,
152,,,,,,,1,주배관,,,,,,,0,,2,주배관,A/2,0,,0,0,,
153,,,,,15mm초과~25mm이하,1.4,1.4,관리소,,,,,,,0,,2,관리소,A/2,0,,0,0,,
154,,,,,,,1.4,주배관,,,,,,,0,,2,주배관,A/2,0,,0,0,,
155,,,X-ray 발생장치,1.3,15mm 이하,1,1.3,관리소,,,,,,,0,,2,관리소,A/2,0,,0,0,,
156,,,,,,,1.3,주배관,,,,,,,0,,2,주배관,A/2,0,,0,0,,
157,,,,,15mm초과~25mm이하,1.4,1.8199999999999998,관리소,,,,,,,0,,2,관리소,A/2,0,,0,0,,
158,,,,,,,1.8199999999999998,주배관,,,,,,,0,,2,주배관,A/2,0,,0,0,,
159,,"2½""이하-(2)",Ir-192 또는 Se-75,1,15mm 이하,1,1,관리소,,,,,,,0,3,3,관리소,A/2,0,,0,0,A/2,
160,,,,,,,1,주배관,,,,,,,0,,3,주배관,A/2,0,,0,0,,
161,,,,,15mm초과~25mm이하,1.4,1.4,관리소,,,,,,,0,,3,관리소,A/2,0,,0,0,,
162,,,,,,,1.4,주배관,,,,,,,0,,3,주배관,A/2,0,,0,0,,
163,,,X-ray 발생장치,1.3,15mm 이하,1,1.3,관리소,,,,,,,0,,3,관리소,A/2,0,,0,0,,
164,,,,,,,1.3,주배관,,,,,,,0,,3,주배관,A/2,0,,0,0,,
165,,,,,15mm초과~25mm이하,1.4,1.8199999999999998,관리소,,,,,,,0,,3,관리소,A/2,0,,0,0,,
166,,,,,,,1.8199999999999998,주배관,,,,,,,0,,3,주배관,A/2,0,,0,0,,
167,,"6""
(Weldolet)",Ir-192 또는 Se-75,1,15mm 이하,1,1,관리소,,,,,,,0,6,6,관리소,B,0,,0,0,B,
168,,,,,,,1,주배관,,,,,,,0,,6,주배관,B,0,,0,0,,
169,,,,,15mm초과~25mm이하,1.4,1.4,관리소,,,,,,,0,,6,관리소,B,0,,0,0,,
170,,,,,,,1.4,주배관,,,,,,,0,,6,주배관,B,0,,0,0,,
171,,,X-ray 발생장치,1.3,15mm 이하,1,1.3,관리소,,,,,,,0,,6,관리소,B,0,,0,0,,
172,,,,,,,1.3,주배관,,,,,,,0,,6,주배관,B,0,,0,0,,
173,,,,,15mm초과~25mm이하,1.4,1.8199999999999998,관리소,,,,,,,0,,6,관리소,B,0,,0,0,,
174,,,,,,,1.8199999999999998,주배관,,,,,,,0,,6,주배관,B,0,,0,0,,
175,,"4""
(Weldolet)",Ir-192 또는 Se-75,1,15mm 이하,1,1,관리소,14,,,,,,14,6,6,관리소,A,84,,84,84,A,투과두께 : 6.0mm × 2(이중벽) = 12.0mm
176,,,,,,,1,주배관,,,,,,,0,,6,주배관,A,0,,0,0,,
177,,,,,15mm초과~25mm이하,1.4,1.4,관리소,,,,,,,0,,6,관리소,A,0,,0,0,,
178,6.0,,,,,,1.4,주배관,,,,,,,0,,6,주배관,A,0,,0,0,,
179,,,X-ray 발생장치,1.3,15mm 이하,1,1.3,관리소,,,,,,,0,,6,관리소,A,0,,0,0,,
180,,,,,,,1.3,주배관,,,,,,,0,,6,주배관,A,0,,0,0,,
181,,,,,15mm초과~25mm이하,1.4,1.8199999999999998,관리소,,,,,,,0,,6,관리소,A,0,,0,0,,
182,,,,,,,1.8199999999999998,주배관,,,,,,,0,,6,주배관,A,0,,0,0,,
183,,"2""
(Weldolet)",Ir-192 또는 Se-75,1,15mm 이하,1,1,관리소,60,,,,,,60,4,4,관리소,A,240,,240,240,A,투과두께 : 5.5mm이하(XS) × 2(이중벽) = 11.0mm이하
184,,,,,,,1,주배관,,,,,,,0,,4,주배관,A,0,,0,0,,
185,,,,,15mm초과~25mm이하,1.4,1.4,관리소,,,,,,,0,,4,관리소,A,0,,0,0,,
186,,,,,,,1.4,주배관,,,,,,,0,,4,주배관,A,0,,0,0,,
187,,,X-ray 발생장치,1.3,15mm 이하,1,1.3,관리소,,,,,,,0,,4,관리소,A,0,,0,0,,
188,,,,,,,1.3,주배관,,,,,,,0,,4,주배관,A,0,,0,0,,
189,,,,,15mm초과~25mm이하,1.4,1.8199999999999998,관리소,,,,,,,0,,4,관리소,A,0,,0,0,,
190,,,,,,,1.8199999999999998,주배관,,,,,,,0,,4,주배관,A,0,,0,0,,
191,,"1½"" 
(Weldolet)",Ir-192 또는 Se-75,1,15mm 이하,1,1,관리소,11,,,,,,11,4,4,관리소,A,44,,44,44,A,투과두께 : 5.5mm이하(XS) × 2(이중벽) = 11.0mm이하
192,,,,,,,1,주배관,,,,,,,0,,4,주배관,A,0,,0,0,,
193,,,,,15mm초과~25mm이하,1.4,1.4,관리소,,,,,,,0,,4,관리소,A,0,,0,0,,
194,,,,,,,1.4,주배관,,,,,,,0,,4,주배관,A,0,,0,0,,
195,,,X-ray 발생장치,1.3,15mm 이하,1,1.3,관리소,,,,,,,0,,4,관리소,A,0,,0,0,,
196,,,,,,,1.3,주배관,,,,,,,0,,4,주배관,A,0,,0,0,,
197,,,,,15mm초과~25mm이하,1.4,1.8199999999999998,관리소,,,,,,,0,,4,관리소,A,0,,0,0,,
198,,,,,,,1.8199999999999998,주배관,,,,,,,0,,4,주배관,A,0,,0,0,,
199,,"1"" 
(Weldolet)",Ir-192 또는 Se-75,1,15mm 이하,1,1,관리소,1,,,,,,1,4,4,관리소,A,4,,4,4,A,투과두께 : 5.5mm이하(XS) × 2(이중벽) = 11.0mm이하
200,,,,,,,1,주배관,,,,,,,0,,4,주배관,A,0,,0,0,,
201,,,,,15mm초과~25mm이하,1.4,1.4,관리소,,,,,,,0,,4,관리소,A,0,,0,0,,
202,,,,,,,1.4,주배관,,,,,,,0,,4,주배관,A,0,,0,0,,
203,,,X-ray 발생장치,1.3,15mm 이하,1,1.3,관리소,,,,,,,0,,4,관리소,A,0,,0,0,,
204,,,,,,,1.3,주배관,,,,,,,0,,4,주배관,A,0,,0,0,,
205,,,,,15mm초과~25mm이하,1.4,1.8199999999999998,관리소,,,,,,,0,,4,관리소,A,0,,0,0,,
206,,,,,,,1.8199999999999998,주배관,,,,,,,0,,4,주배관,A,0,,0,0,,
207,,합계,,,,,,,3948,0,0,0,0,0,3948,,,,,18519,0,18519,20347,,
208,,,,,,,,,,,,,,,,,,,,,,,,,
209,,,,,,,,,,,,,,,,,,,,,,,,,
210,,,,,,,,,,,,,,,,,,,,,,,,,
211,,  □ RT야간,,,,,,,,,,,,,,,,,,,,,,,
212,,구경,"방사선원
종류","방사선원
보정계수㉲",투과두께,"투과두께
보정계수㉱","보정계수
종합","대상
분야",용접개소(BW),,,,,,,"개소당
촬영매수","개소당
촬영매수
(숨김)","대상
분야
(숨김)","필름
규격
(숨김)",ORIGINAL,REPAIR(3%),TOTAL,산식적용값,"필름
규격",비고
213,,,,,,,,,가산~가평,,,,,,소계,,,,,,,,,,
214,,"34""~36""","Ir-192(10~20Ci) 또는
Se-75(23.5~47Ci) 또는
Se-75(60Ci)",1,15mm 이하,1,1,관리소,,,,,,,0,8,8,관리소,B,0,,0,0,B,
215,,,,,,,1,주배관,,,,,,,0,,8,주배관,B,0,,0,0,,
216,,,,,15mm초과~25mm이하,1.4,1.4,관리소,,,,,,,0,,8,관리소,B,0,,0,0,,
217,,,,,,,1.4,주배관,,,,,,,0,,8,주배관,B,0,,0,0,,
218,,,X-ray 발생장치,1.3,15mm 이하,1,1.3,관리소,,,,,,,0,,8,관리소,B,0,,0,0,,
219,,,,,,,1.3,주배관,,,,,,,0,,8,주배관,B,0,,0,0,,
220,,,,,15mm초과~25mm이하,1.4,1.8199999999999998,관리소,,,,,,,0,,8,관리소,B,0,,0,0,,
221,,,,,,,1.8199999999999998,주배관,,,,,,,0,,8,주배관,B,0,,0,0,,
222,,"30""",Ir-192 또는 Se-75,1,15mm 이하,1,1,관리소,3,,,,,,3,7,7,관리소,B,21,,21,21,B,
223,,,,,,,1,주배관,,,,,,,0,,7,주배관,B,0,,0,0,,
224,,,,,15mm초과~25mm이하,1.4,1.4,관리소,,,,,,,0,,7,관리소,B,0,,0,0,,
225,,,,,,,1.4,주배관,,,,,,,0,,7,주배관,B,0,,0,0,,
226,,,X-ray 발생장치,1.3,15mm 이하,1,1.3,관리소,,,,,,,0,,7,관리소,B,0,,0,0,,
227,,,,,,,1.3,주배관,,,,,,,0,,7,주배관,B,0,,0,0,,
228,,,,,15mm초과~25mm이하,1.4,1.8199999999999998,관리소,,,,,,,0,,7,관리소,B,0,,0,0,,
229,,,,,,,1.8199999999999998,주배관,,,,,,,0,,7,주배관,B,0,,0,0,,
230,,"24""",Ir-192 또는 Se-75,1,15mm 이하,1,1,관리소,,,,,,,0,7,7,관리소,B,0,,0,0,B,
231,,,,,,,1,주배관,,,,,,,0,,7,주배관,B,0,,0,0,,
232,,,,,15mm초과~25mm이하,1.4,1.4,관리소,,,,,,,0,,7,관리소,B,0,,0,0,,
233,,,,,,,1.4,주배관,,,,,,,0,,7,주배관,B,0,,0,0,,
234,,,,,,,1.4,"주배관
(인소스)",,,,,,,0,,7,주배관,B,0,,0,0,,
235,,,X-ray 발생장치,1.3,15mm 이하,1,1.3,관리소,,,,,,,0,,7,관리소,B,0,,0,0,,
236,,,,,,,1.3,주배관,,,,,,,0,,7,주배관,B,0,,0,0,,
237,,,,,15mm초과~25mm이하,1.4,1.8199999999999998,관리소,,,,,,,0,,7,관리소,B,0,,0,0,,
238,,,,,,,1.8199999999999998,주배관,,,,,,,0,,7,주배관,B,0,,0,0,,
239,,"26""","Ir-192(10~20Ci) 또는
Se-75(23.5~47Ci) 또는
Se-75(60Ci)",1,15mm 이하,1,1,관리소,,,,,,,0,7,7,관리소,B,0,,0,0,B,
240,,,,,,,1,주배관,,,,,,,0,,7,주배관,B,0,,0,0,,
241,,,,,15mm초과~25mm이하,1.4,1.4,관리소,,,,,,,0,,7,관리소,B,0,,0,0,,
242,,,,,,,1.4,주배관,,,,,,,0,,7,주배관,B,0,,0,0,,
243,,,X-ray 발생장치,1.3,15mm 이하,1,1.3,관리소,,,,,,,0,,7,관리소,B,0,,0,0,,
244,,,,,,,1.3,주배관,,,,,,,0,,7,주배관,B,0,,0,0,,
245,,,,,15mm초과~25mm이하,1.4,1.8199999999999998,관리소,,,,,,,0,,7,관리소,B,0,,0,0,,
246,,,,,,,1.8199999999999998,주배관,,,,,,,0,,7,주배관,B,0,,0,0,,
247,,"20""",Ir-192 또는 Se-75,1,15mm 이하,1,1,관리소,17,,,,,,17,5,5,관리소,B,85,,85,85,B,"ㅇ 야간 주배관 용접물량에서
     '내부선원법:외부선원법'의 비율을 '8:2'로 적용

 ㅇ투과두께 : 
    (내부선원법) 11.9mm
    (외부선원법) 11.9mm × 2(이중벽) = 23.8mm"
248,,,,,,,1,주배관,535,,,,,,535,,5,주배관,B,2675,,2675,2675,,
249,,,,,15mm초과~25mm이하,1.4,1.4,관리소,5,,,,,,5,,5,관리소,B,25,,25,35,,
250,,,,,,,1.4,주배관,134,,,,,,134,,5,주배관,B,670,,670,938,,
251,,,X-ray 발생장치,1.3,15mm 이하,1,1.3,관리소,,,,,,,0,,5,관리소,B,0,,0,0,,
252,,,,,,,1.3,주배관,,,,,,,0,,5,주배관,B,0,,0,0,,
253,,,,,15mm초과~25mm이하,1.4,1.8199999999999998,관리소,,,,,,,0,,5,관리소,B,0,,0,0,,
254,,,,,,,1.8199999999999998,주배관,,,,,,,0,,5,주배관,B,0,,0,0,,
255,,"16""",Ir-192 또는 Se-75,1,15mm 이하,1,1,관리소,,,,,,,0,5,5,관리소,A,0,,0,0,A,투과두께 : 9.5mm × 2(이중벽) = 19mm
256,,,,,,,1,주배관,,,,,,,0,,5,주배관,A,0,,0,0,,
257,,,,,15mm초과~25mm이하,1.4,1.4,관리소,1,,,,,,1,,5,관리소,A,5,,5,7,,
258,,,,,,,1.4,주배관,,,,,,,0,,5,주배관,A,0,,0,0,,
259,,,X-ray 발생장치,1.3,15mm 이하,1,1.3,관리소,,,,,,,0,,5,관리소,A,0,,0,0,,
260,,,,,,,1.3,주배관,,,,,,,0,,5,주배관,A,0,,0,0,,
261,,,,,15mm초과~25mm이하,1.4,1.8199999999999998,관리소,,,,,,,0,,5,관리소,A,0,,0,0,,
262,,,,,,,1.8199999999999998,주배관,,,,,,,0,,5,주배관,A,0,,0,0,,
263,,"14""",Ir-192 또는 Se-75,1,15mm 이하,1,1,관리소,,,,,,,0,5,5,관리소,A,0,,0,0,A,투과두께 : 9.5mm × 2(이중벽) = 19mm
264,,,,,,,1,주배관,,,,,,,0,,5,주배관,A,0,,0,0,,
265,,,,,15mm초과~25mm이하,1.4,1.4,관리소,18,,,,,,18,,5,관리소,A,90,,90,126,,
266,,,,,,,1.4,주배관,,,,,,,0,,5,주배관,A,0,,0,0,,
267,,,X-ray 발생장치,1.3,15mm 이하,1,1.3,관리소,,,,,,,0,,5,관리소,A,0,,0,0,,
268,,,,,,,1.3,주배관,,,,,,,0,,5,주배관,A,0,,0,0,,
269,,,,,15mm초과~25mm이하,1.4,1.8199999999999998,관리소,,,,,,,0,,5,관리소,A,0,,0,0,,
270,,,,,,,1.8199999999999998,주배관,,,,,,,0,,5,주배관,A,0,,0,0,,
271,,"12""",Ir-192 또는 Se-75,1,15mm 이하,1,1,관리소,,,,,,,0,4,4,관리소,A,0,,0,0,A,"ㅇ투과두께
    (P7,5) 9.5mm × 2(이중벽) = 19.0mm
    (P4,3,2,0.9) 8.4mm × 2(이중벽) = 16.8mm "
272,,,,,,,1,주배관,,,,,,,0,,4,주배관,A,0,,0,0,,
273,,,,,15mm초과~25mm이하,1.4,1.4,관리소,3,,,,,,3,,4,관리소,A,12,,12,17,,
274,,,,,,,1.4,주배관,,,,,,,0,,4,주배관,A,0,,0,0,,
275,,,,,25mm초과~40mm이하,2.2,2.2,관리소,,,,,,,0,,4,관리소,A,0,,0,0,,
276,,,,,,,2.2,주배관,,,,,,,,,4,주배관,A,0,,0,0,,
277,,,X-ray 발생장치,1.3,15mm 이하,1,1.3,관리소,,,,,,,0,,4,관리소,A,0,,0,0,,
278,,,,,,,1.3,주배관,,,,,,,0,,4,주배관,A,0,,0,0,,
279,,,,,15mm초과~25mm이하,1.4,1.8199999999999998,관리소,,,,,,,0,,4,관리소,A,0,,0,0,,
280,,,,,,,1.8199999999999998,주배관,,,,,,,0,,4,주배관,A,0,,0,0,,
281,,"10""",Ir-192 또는 Se-75,1,15mm 이하,1,1,관리소,,,,,,,0,4,4,관리소,A,0,,0,0,A,"ㅇ투과두께
    (P7,5) 9.5mm × 2(이중벽) = 19.0mm
    (P4,3,2,0.9) 7.8mm × 2(이중벽) = 15.6mm "
282,,,,,,,1,주배관,,,,,,,0,,4,주배관,A,0,,0,0,,
283,,,,,15mm초과~25mm이하,1.4,1.4,관리소,19,,,,,,19,,4,관리소,A,76,,76,106,,
284,,,,,,,1.4,주배관,,,,,,,0,,4,주배관,A,0,,0,0,,
285,,,,,25mm초과~40mm이하,2.2,2.2,관리소,,,,,,,0,,4,관리소,A,0,,0,0,,
286,,,,,,,2.2,주배관,,,,,,,,,4,주배관,A,0,,0,0,,
287,,,X-ray 발생장치,1.3,15mm 이하,1,1.3,관리소,,,,,,,0,,4,관리소,A,0,,0,0,,
288,,,,,,,1.3,주배관,,,,,,,0,,4,주배관,A,0,,0,0,,
289,,,,,15mm초과~25mm이하,1.4,1.8199999999999998,관리소,,,,,,,0,,4,관리소,A,0,,0,0,,
290,,,,,,,1.8199999999999998,주배관,,,,,,,0,,4,주배관,A,0,,0,0,,
291,,"8""",Ir-192 또는 Se-75,1,15mm 이하,1,1,관리소,,,,,,,0,3,3,관리소,A,0,,0,0,A,투과두께 : 9.5mm × 2(이중벽) = 19mm
292,,,,,,,1,주배관,,,,,,,0,,3,주배관,A,0,,0,0,,
293,,,,,15mm초과~25mm이하,1.4,1.4,관리소,3,,,,,,3,,3,관리소,A,9,,9,13,,
294,,,,,,,1.4,주배관,,,,,,,0,,3,주배관,A,0,,0,0,,
295,,,X-ray 발생장치,1.3,15mm 이하,1,1.3,관리소,,,,,,,0,,3,관리소,A,0,,0,0,,
296,,,,,,,1.3,주배관,,,,,,,0,,3,주배관,A,0,,0,0,,
297,,,,,15mm초과~25mm이하,1.4,1.8199999999999998,관리소,,,,,,,0,,3,관리소,A,0,,0,0,,
298,,,,,,,1.8199999999999998,주배관,,,,,,,0,,3,주배관,A,0,,0,0,,
299,,"6""",Ir-192 또는 Se-75,1,15mm 이하,1,1,관리소,4,,,,,,4,3,3,관리소,A,12,,12,12,A,투과두께 : 7.1mm × 2(이중벽) = 14.2mm
300,,,,,,,1,주배관,,,,,,,0,,3,주배관,A,0,,0,0,,
301,,,,,15mm초과~25mm이하,1.4,1.4,관리소,,,,,,,0,,3,관리소,A,0,,0,0,,
302,,,,,,,1.4,주배관,,,,,,,0,,3,주배관,A,0,,0,0,,
303,,,X-ray 발생장치,1.3,15mm 이하,1,1.3,관리소,,,,,,,0,,3,관리소,A,0,,0,0,,
304,,,,,,,1.3,주배관,,,,,,,0,,3,주배관,A,0,,0,0,,
305,,,,,15mm초과~25mm이하,1.4,1.8199999999999998,관리소,,,,,,,0,,3,관리소,A,0,,0,0,,
306,,,,,,,1.8199999999999998,주배관,,,,,,,0,,3,주배관,A,0,,0,0,,
307,,"4""",Ir-192 또는 Se-75,1,15mm 이하,1,1,관리소,16,,,,,,16,3,3,관리소,A/2,48,,48,48,A/2,투과두께 : 6.0mm × 2(이중벽) = 12.0mm
308,,,,,,,1,주배관,,,,,,,0,,3,주배관,A/2,0,,0,0,,
309,,,,,15mm초과~25mm이하,1.4,1.4,관리소,,,,,,,0,,3,관리소,A/2,0,,0,0,,
310,,,,,,,1.4,주배관,,,,,,,0,,3,주배관,A/2,0,,0,0,,
311,,,X-ray 발생장치,1.3,15mm 이하,1,1.3,관리소,,,,,,,0,,3,관리소,A/2,0,,0,0,,
312,,,,,,,1.3,주배관,,,,,,,0,,3,주배관,A/2,0,,0,0,,
313,,,,,15mm초과~25mm이하,1.4,1.8199999999999998,관리소,,,,,,,0,,3,관리소,A/2,0,,0,0,,
314,,,,,,,1.8199999999999998,주배관,,,,,,,0,,3,주배관,A/2,0,,0,0,,
315,,"3""","Ir-192(10~20Ci) 또는
Se-75(23.5~47Ci) 또는
Se-75(60Ci)",1,15mm 이하,1,1,관리소,,,,,,,0,3,3,관리소,A/2,0,,0,0,A/2,
316,,,,,,,1,주배관,,,,,,,0,,3,주배관,A/2,0,,0,0,,
317,,,,,15mm초과~25mm이하,1.4,1.4,관리소,,,,,,,0,,3,관리소,A/2,0,,0,0,,
318,,,,,,,1.4,주배관,,,,,,,0,,3,주배관,A/2,0,,0,0,,
319,,,X-ray 발생장치,1.3,15mm 이하,1,1.3,관리소,,,,,,,0,,3,관리소,A/2,0,,0,0,,
320,,,,,,,1.3,주배관,,,,,,,0,,3,주배관,A/2,0,,0,0,,
321,,,,,15mm초과~25mm이하,1.4,1.8199999999999998,관리소,,,,,,,0,,3,관리소,A/2,0,,0,0,,
322,,,,,,,1.8199999999999998,주배관,,,,,,,0,,3,주배관,A/2,0,,0,0,,
323,,"3""",Ir-192 또는 Se-75,1,15mm 이하,1,1,관리소,,,,,,,0,3,3,관리소,A/2,0,,0,0,A/2,
324,,,,,,,1,주배관,,,,,,,0,,3,주배관,A/2,0,,0,0,,
325,,,,,15mm초과~25mm이하,1.4,1.4,관리소,,,,,,,0,,3,관리소,A/2,0,,0,0,,
326,,,,,,,1.4,주배관,,,,,,,0,,3,주배관,A/2,0,,0,0,,
327,,,X-ray 발생장치,1.3,15mm 이하,1,1.3,관리소,,,,,,,0,,3,관리소,A/2,0,,0,0,,
328,,,,,,,1.3,주배관,,,,,,,0,,3,주배관,A/2,0,,0,0,,
329,,,,,15mm초과~25mm이하,1.4,1.8199999999999998,관리소,,,,,,,0,,3,관리소,A/2,0,,0,0,,
330,,,,,,,1.8199999999999998,주배관,,,,,,,0,,3,주배관,A/2,0,,0,0,,
331,,"2""",Ir-192 또는 Se-75,1,15mm 이하,1,1,관리소,34,,,,,,34,3,3,관리소,A/2,102,,102,102,A/2,투과두께 : 5.5mm이하(XS) × 2(이중벽) = 11.0mm이하
332,,,,,,,1,주배관,,,,,,,0,,3,주배관,A/2,0,,0,0,,
333,,,,,15mm초과~25mm이하,1.4,1.4,관리소,,,,,,,0,,3,관리소,A/2,0,,0,0,,
334,,,,,,,1.4,주배관,,,,,,,0,,3,주배관,A/2,0,,0,0,,
335,,,X-ray 발생장치,1.3,15mm 이하,1,1.3,관리소,,,,,,,0,,3,관리소,A/2,0,,0,0,,
336,,,,,,,1.3,주배관,,,,,,,0,,3,주배관,A/2,0,,0,0,,
337,,,,,15mm초과~25mm이하,1.4,1.8199999999999998,관리소,,,,,,,0,,3,관리소,A/2,0,,0,0,,
338,,,,,,,1.8199999999999998,주배관,,,,,,,0,,3,주배관,A/2,0,,0,0,,
339,,"1½""",Ir-192 또는 Se-75,1,15mm 이하,1,1,관리소,3,,,,,,3,3,3,관리소,A/2,9,,9,9,A/2,투과두께 : 5.5mm이하(XS) × 2(이중벽) = 11.0mm이하
340,,,,,,,1,주배관,,,,,,,0,,3,주배관,A/2,0,,0,0,,
341,,,,,15mm초과~25mm이하,1.4,1.4,관리소,,,,,,,0,,3,관리소,A/2,0,,0,0,,
342,,,,,,,1.4,주배관,,,,,,,0,,3,주배관,A/2,0,,0,0,,
343,,,X-ray 발생장치,1.3,15mm 이하,1,1.3,관리소,,,,,,,0,,3,관리소,A/2,0,,0,0,,
344,,,,,,,1.3,주배관,,,,,,,0,,3,주배관,A/2,0,,0,0,,
345,,,,,15mm초과~25mm이하,1.4,1.8199999999999998,관리소,,,,,,,0,,3,관리소,A/2,0,,0,0,,
346,,,,,,,1.8199999999999998,주배관,,,,,,,0,,3,주배관,A/2,0,,0,0,,
347,,"1""",Ir-192 또는 Se-75,1,15mm 이하,1,1,관리소,,,,,,,0,3,3,관리소,A/2,0,,0,0,A/2,투과두께 : 5.5mm이하(XS) × 2(이중벽) = 11.0mm이하
348,,,,,,,1,주배관,,,,,,,0,,3,주배관,A/2,0,,0,0,,
349,,,,,15mm초과~25mm이하,1.4,1.4,관리소,,,,,,,0,,3,관리소,A/2,0,,0,0,,
350,,,,,,,1.4,주배관,,,,,,,0,,3,주배관,A/2,0,,0,0,,
351,,,X-ray 발생장치,1.3,15mm 이하,1,1.3,관리소,,,,,,,0,,3,관리소,A/2,0,,0,0,,
352,,,,,,,1.3,주배관,,,,,,,0,,3,주배관,A/2,0,,0,0,,
353,,,,,15mm초과~25mm이하,1.4,1.8199999999999998,관리소,,,,,,,0,,3,관리소,A/2,0,,0,0,,
354,,,,,,,1.8199999999999998,주배관,,,,,,,0,,3,주배관,A/2,0,,0,0,,
355,,"3/4""",Ir-192 또는 Se-75,1,15mm 이하,1,1,관리소,2,,,,,,2,3,3,관리소,A/2,6,,6,6,A/2,투과두께 : 5.5mm이하(XS) × 2(이중벽) = 11.0mm이하
356,,,,,,,1,주배관,,,,,,,0,,3,주배관,A/2,0,,0,0,,
357,,,,,15mm초과~25mm이하,1.4,1.4,관리소,,,,,,,0,,3,관리소,A/2,0,,0,0,,
358,,,,,,,1.4,주배관,,,,,,,0,,3,주배관,A/2,0,,0,0,,
359,,,X-ray 발생장치,1.3,15mm 이하,1,1.3,관리소,,,,,,,0,,3,관리소,A/2,0,,0,0,,
360,,,,,,,1.3,주배관,,,,,,,0,,3,주배관,A/2,0,,0,0,,
361,,,,,15mm초과~25mm이하,1.4,1.8199999999999998,관리소,,,,,,,0,,3,관리소,A/2,0,,0,0,,
362,,,,,,,1.8199999999999998,주배관,,,,,,,0,,3,주배관,A/2,0,,0,0,,
363,,"1/2""",Ir-192 또는 Se-75,1,15mm 이하,1,1,관리소,1,,,,,,1,3,3,관리소,A/2,3,,3,3,A/2,투과두께 : 5.5mm이하(XS) × 2(이중벽) = 11.0mm이하
364,,,,,,,1,주배관,,,,,,,0,,3,주배관,A/2,0,,0,0,,
365,,,,,15mm초과~25mm이하,1.4,1.4,관리소,,,,,,,0,,3,관리소,A/2,0,,0,0,,
366,,,,,,,1.4,주배관,,,,,,,0,,3,주배관,A/2,0,,0,0,,
367,,,X-ray 발생장치,1.3,15mm 이하,1,1.3,관리소,,,,,,,0,,3,관리소,A/2,0,,0,0,,
368,,,,,,,1.3,주배관,,,,,,,0,,3,주배관,A/2,0,,0,0,,
369,,,,,15mm초과~25mm이하,1.4,1.8199999999999998,관리소,,,,,,,0,,3,관리소,A/2,0,,0,0,,
370,,,,,,,1.8199999999999998,주배관,,,,,,,0,,3,주배관,A/2,0,,0,0,,
371,,"2½""이하-(1)","Ir-192(10~20Ci) 또는
Se-75(23.5~47Ci) 또는
Se-75(60Ci)",1,15mm 이하,1,1,관리소,,,,,,,0,2,2,관리소,A/2,0,,0,0,A/2,
372,,,,,,,1,주배관,,,,,,,0,,2,주배관,A/2,0,,0,0,,
373,,,,,15mm초과~25mm이하,1.4,1.4,관리소,,,,,,,0,,2,관리소,A/2,0,,0,0,,
374,,,,,,,1.4,주배관,,,,,,,0,,2,주배관,A/2,0,,0,0,,
375,,,X-ray 발생장치,1.3,15mm 이하,1,1.3,관리소,,,,,,,0,,2,관리소,A/2,0,,0,0,,
376,,,,,,,1.3,주배관,,,,,,,0,,2,주배관,A/2,0,,0,0,,
377,,,,,15mm초과~25mm이하,1.4,1.8199999999999998,관리소,,,,,,,0,,2,관리소,A/2,0,,0,0,,
378,,,,,,,1.8199999999999998,주배관,,,,,,,0,,2,주배관,A/2,0,,0,0,,
379,,"2½""이하-(2)","Ir-192(10~20Ci) 또는
Se-75(23.5~47Ci) 또는
Se-75(60Ci)",1,15mm 이하,1,1,관리소,,,,,,,0,3,3,관리소,A/2,0,,0,0,A/2,
380,,,,,,,1,주배관,,,,,,,0,,3,주배관,A/2,0,,0,0,,
381,,,,,15mm초과~25mm이하,1.4,1.4,관리소,,,,,,,0,,3,관리소,A/2,0,,0,0,,
382,,,,,,,1.4,주배관,,,,,,,0,,3,주배관,A/2,0,,0,0,,
383,,,X-ray 발생장치,1.3,15mm 이하,1,1.3,관리소,,,,,,,0,,3,관리소,A/2,0,,0,0,,
384,,,,,,,1.3,주배관,,,,,,,0,,3,주배관,A/2,0,,0,0,,
385,,,,,15mm초과~25mm이하,1.4,1.8199999999999998,관리소,,,,,,,0,,3,관리소,A/2,0,,0,0,,
386,,,,,,,1.8199999999999998,주배관,,,,,,,0,,3,주배관,A/2,0,,0,0,,
387,,"6""
(Weldolet)",Ir-192 또는 Se-75,1,15mm 이하,1,1,관리소,,,,,,,0,6,6,관리소,B,0,,0,0,B,
388,,,,,,,1,주배관,,,,,,,0,,6,주배관,B,0,,0,0,,
389,,,,,15mm초과~25mm이하,1.4,1.4,관리소,,,,,,,0,,6,관리소,B,0,,0,0,,
390,,,,,,,1.4,주배관,,,,,,,0,,6,주배관,B,0,,0,0,,
391,,,X-ray 발생장치,1.3,15mm 이하,1,1.3,관리소,,,,,,,0,,6,관리소,B,0,,0,0,,
392,,,,,,,1.3,주배관,,,,,,,0,,6,주배관,B,0,,0,0,,
393,,,,,15mm초과~25mm이하,1.4,1.8199999999999998,관리소,,,,,,,0,,6,관리소,B,0,,0,0,,
394,,,,,,,1.8199999999999998,주배관,,,,,,,0,,6,주배관,B,0,,0,0,,
395,,"4""
(Weldolet)",Ir-192 또는 Se-75,1,15mm 이하,1,1,관리소,2,,,,,,2,6,6,관리소,A,12,,12,12,A,투과두께 : 6.0mm × 2(이중벽) = 12.0mm
396,,,,,,,1,주배관,,,,,,,0,,6,주배관,A,0,,0,0,,
397,,,,,15mm초과~25mm이하,1.4,1.4,관리소,,,,,,,0,,6,관리소,A,0,,0,0,,
398,6.0,,,,,,1.4,주배관,,,,,,,0,,6,주배관,A,0,,0,0,,
399,,,X-ray 발생장치,1.3,15mm 이하,1,1.3,관리소,,,,,,,0,,6,관리소,A,0,,0,0,,
400,,,,,,,1.3,주배관,,,,,,,0,,6,주배관,A,0,,0,0,,
401,,,,,15mm초과~25mm이하,1.4,1.8199999999999998,관리소,,,,,,,0,,6,관리소,A,0,,0,0,,
402,,,,,,,1.8199999999999998,주배관,,,,,,,0,,6,주배관,A,0,,0,0,,
403,,"2""
(Weldolet)",Ir-192 또는 Se-75,1,15mm 이하,1,1,관리소,8,,,,,,8,4,4,관리소,A,32,,32,32,A,투과두께 : 5.5mm이하(XS) × 2(이중벽) = 11.0mm이하
404,,,,,,,1,주배관,,,,,,,0,,4,주배관,A,0,,0,0,,
405,,,,,15mm초과~25mm이하,1.4,1.4,관리소,,,,,,,0,,4,관리소,A,0,,0,0,,
406,,,,,,,1.4,주배관,,,,,,,0,,4,주배관,A,0,,0,0,,
407,,,X-ray 발생장치,1.3,15mm 이하,1,1.3,관리소,,,,,,,0,,4,관리소,A,0,,0,0,,
408,,,,,,,1.3,주배관,,,,,,,0,,4,주배관,A,0,,0,0,,
409,,,,,15mm초과~25mm이하,1.4,1.8199999999999998,관리소,,,,,,,0,,4,관리소,A,0,,0,0,,
410,,,,,,,1.8199999999999998,주배관,,,,,,,0,,4,주배관,A,0,,0,0,,
411,,"1½"" 
(Weldolet)",Ir-192 또는 Se-75,1,15mm 이하,1,1,관리소,1,,,,,,1,4,4,관리소,A,4,,4,4,A,투과두께 : 5.5mm이하(XS) × 2(이중벽) = 11.0mm이하
412,,,,,,,1,주배관,,,,,,,0,,4,주배관,A,0,,0,0,,
413,,,,,15mm초과~25mm이하,1.4,1.4,관리소,,,,,,,0,,4,관리소,A,0,,0,0,,
414,,,,,,,1.4,주배관,,,,,,,0,,4,주배관,A,0,,0,0,,
415,,,X-ray 발생장치,1.3,15mm 이하,1,1.3,관리소,,,,,,,0,,4,관리소,A,0,,0,0,,
416,,,,,,,1.3,주배관,,,,,,,0,,4,주배관,A,0,,0,0,,
417,,,,,15mm초과~25mm이하,1.4,1.8199999999999998,관리소,,,,,,,0,,4,관리소,A,0,,0,0,,
418,,,,,,,1.8199999999999998,주배관,,,,,,,0,,4,주배관,A,0,,0,0,,
419,,"1"" 
(Weldolet)",Ir-192 또는 Se-75,1,15mm 이하,1,1,관리소,1,,,,,,1,4,4,관리소,A,4,,4,4,A,투과두께 : 5.5mm이하(XS) × 2(이중벽) = 11.0mm이하
420,,,,,,,1,주배관,,,,,,,0,,4,주배관,A,0,,0,0,,
421,,,,,15mm초과~25mm이하,1.4,1.4,관리소,,,,,,,0,,4,관리소,A,0,,0,0,,
422,,,,,,,1.4,주배관,,,,,,,0,,4,주배관,A,0,,0,0,,
423,,,X-ray 발생장치,1.3,15mm 이하,1,1.3,관리소,,,,,,,0,,4,관리소,A,0,,0,0,,
424,,,,,,,1.3,주배관,,,,,,,0,,4,주배관,A,0,,0,0,,
425,,,,,15mm초과~25mm이하,1.4,1.8199999999999998,관리소,,,,,,,0,,4,관리소,A,0,,0,0,,
426,,,,,,,1.8199999999999998,주배관,,,,,,,0,,4,주배관,A,0,,0,0,,
427,,합계,,,,,,,810,0,0,0,0,0,810,,,,,3900,0,3900,4255,,
428,,,,,,,,,,,,,,,,,,,,,,,,,
429,,,,,,,,,,,,,,,,,,,,,,,,,
430,,,,,,,,,,,,,,,,,,,,,,,,,
431,,  □ RT휴일,,,,,,,,,,,,,,,,,,,,,,,
432,,구경,"방사선원
종류","방사선원
보정계수㉲",투과두께,"투과두께
보정계수㉱","보정계수
종합","대상
분야",용접개소(BW),,,,,,,"개소당
촬영매수","개소당
촬영매수
(숨김)","대상
분야
(숨김)","필름
규격
(숨김)",ORIGINAL,REPAIR(3%),TOTAL,산식적용값,"필름
규격",비고
433,,,,,,,,,가산~가평,"나.
가스히터
개선","다.
계량설비
교체/설치","라.
볼밸브
교체","마.
안강~포강
배관이설","바.
포항~영덕
ILI피깅",소계,,,,,,,,,,
434,,"34""~36""","Ir-192(10~20Ci) 또는
Se-75(23.5~47Ci) 또는
Se-75(60Ci)",1,15mm 이하,1,1,관리소,,,,,,,0,8,8,관리소,B,0,,0,0,B,
435,,,,,,,1,주배관,,,,,,,0,,8,주배관,B,0,,0,0,,
436,,,,,15mm초과~25mm이하,1.4,1.4,관리소,,,,,,,0,,8,관리소,B,0,,0,0,,
437,,,,,,,1.4,주배관,,,,,,,0,,8,주배관,B,0,,0,0,,
438,,,X-ray 발생장치,1.3,15mm 이하,1,1.3,관리소,,,,,,,0,,8,관리소,B,0,,0,0,,
439,,,,,,,1.3,주배관,,,,,,,0,,8,주배관,B,0,,0,0,,
440,,,,,15mm초과~25mm이하,1.4,1.8199999999999998,관리소,,,,,,,0,,8,관리소,B,0,,0,0,,
441,,,,,,,1.8199999999999998,주배관,,,,,,,0,,8,주배관,B,0,,0,0,,
442,,"30""",Ir-192 또는 Se-75,1,15mm 이하,1,1,관리소,3,,,,,,3,7,7,관리소,B,21,,21,21,B,
443,,,,,,,1,주배관,,,,,,,0,,7,주배관,B,0,,0,0,,
444,,,,,15mm초과~25mm이하,1.4,1.4,관리소,,,,,,,0,,7,관리소,B,0,,0,0,,
445,,,,,,,1.4,주배관,,,,,,,0,,7,주배관,B,0,,0,0,,
446,,,X-ray 발생장치,1.3,15mm 이하,1,1.3,관리소,,,,,,,0,,7,관리소,B,0,,0,0,,
447,,,,,,,1.3,주배관,,,,,,,0,,7,주배관,B,0,,0,0,,
448,,,,,15mm초과~25mm이하,1.4,1.8199999999999998,관리소,,,,,,,0,,7,관리소,B,0,,0,0,,
449,,,,,,,1.8199999999999998,주배관,,,,,,,0,,7,주배관,B,0,,0,0,,
450,,"24""",Ir-192 또는 Se-75,1,15mm 이하,1,1,관리소,,,,,,,0,7,7,관리소,B,0,,0,0,B,
451,,,,,,,1,주배관,,,,,,,0,,7,주배관,B,0,,0,0,,
452,,,,,15mm초과~25mm이하,1.4,1.4,관리소,,,,,,,0,,7,관리소,B,0,,0,0,,
453,,,,,,,1.4,주배관,,,,,,,0,,7,주배관,B,0,,0,0,,
454,,,,,,,1.4,"주배관
(인소스)",,,,,,,0,,7,주배관,B,0,,0,0,,
455,,,X-ray 발생장치,1.3,15mm 이하,1,1.3,관리소,,,,,,,0,,7,관리소,B,0,,0,0,,
456,,,,,,,1.3,주배관,,,,,,,0,,7,주배관,B,0,,0,0,,
457,,,,,15mm초과~25mm이하,1.4,1.8199999999999998,관리소,,,,,,,0,,7,관리소,B,0,,0,0,,
458,,,,,,,1.8199999999999998,주배관,,,,,,,0,,7,주배관,B,0,,0,0,,
459,,"20""",Ir-192 또는 Se-75,1,15mm 이하,1,1,관리소,17,,,,,,17,5,5,관리소,B,85,,85,85,B,"ㅇ 주간 주배관 용접물량(전체물량의 20%)에서
     '내부선원법:외부선원법'의 비율을 '8:2'로 적용

 ㅇ투과두께 : 
    (내부선원법) 11.9mm
    (외부선원법) 11.9mm × 2(이중벽) = 23.8mm"
460,,,,,,,1,주배관,252,,,,,,252,,5,주배관,B,1260,,1260,1260,,
461,,,,,15mm초과~25mm이하,1.4,1.4,관리소,4,,,,,,4,,5,관리소,B,20,,20,28,,
462,,,,,,,1.4,주배관,63,,,,,,63,,5,주배관,B,315,,315,441,,
463,,,X-ray 발생장치,1.3,15mm 이하,1,1.3,관리소,,,,,,,0,,5,관리소,B,0,,0,0,,
464,,,,,,,1.3,주배관,,,,,,,0,,5,주배관,B,0,,0,0,,
465,,,,,15mm초과~25mm이하,1.4,1.8199999999999998,관리소,,,,,,,0,,5,관리소,B,0,,0,0,,
466,,,,,,,1.8199999999999998,주배관,,,,,,,0,,5,주배관,B,0,,0,0,,
467,,"16""",Ir-192 또는 Se-75,1,15mm 이하,1,1,관리소,,,,,,,0,5,5,관리소,A,0,,0,0,A,투과두께 : 9.5mm × 2(이중벽) = 19mm
468,,,,,,,1,주배관,,,,,,,0,,5,주배관,A,0,,0,0,,
469,,,,,15mm초과~25mm이하,1.4,1.4,관리소,1,,,,,,1,,5,관리소,A,5,,5,7,,
470,,,,,,,1.4,주배관,,,,,,,0,,5,주배관,A,0,,0,0,,
471,,,X-ray 발생장치,1.3,15mm 이하,1,1.3,관리소,,,,,,,0,,5,관리소,A,0,,0,0,,
472,,,,,,,1.3,주배관,,,,,,,0,,5,주배관,A,0,,0,0,,
473,,,,,15mm초과~25mm이하,1.4,1.8199999999999998,관리소,,,,,,,0,,5,관리소,A,0,,0,0,,
474,,,,,,,1.8199999999999998,주배관,,,,,,,0,,5,주배관,A,0,,0,0,,
475,,"14""",Ir-192 또는 Se-75,1,15mm 이하,1,1,관리소,,,,,,,0,5,5,관리소,A,0,,0,0,A,투과두께 : 9.5mm × 2(이중벽) = 19mm
476,,,,,,,1,주배관,,,,,,,0,,5,주배관,A,0,,0,0,,
477,,,,,15mm초과~25mm이하,1.4,1.4,관리소,18,,,,,,18,,5,관리소,A,90,,90,126,,
478,,,,,,,1.4,주배관,,,,,,,0,,5,주배관,A,0,,0,0,,
479,,,X-ray 발생장치,1.3,15mm 이하,1,1.3,관리소,,,,,,,0,,5,관리소,A,0,,0,0,,
480,,,,,,,1.3,주배관,,,,,,,0,,5,주배관,A,0,,0,0,,
481,,,,,15mm초과~25mm이하,1.4,1.8199999999999998,관리소,,,,,,,0,,5,관리소,A,0,,0,0,,
482,,,,,,,1.8199999999999998,주배관,,,,,,,0,,5,주배관,A,0,,0,0,,
483,,"12""",Ir-192 또는 Se-75,1,15mm 이하,1,1,관리소,,,,,,,0,4,4,관리소,A,0,,0,0,A,"ㅇ투과두께
    (P7,5) 9.5mm × 2(이중벽) = 19.0mm
    (P4,3,2,0.9) 8.4mm × 2(이중벽) = 16.8mm "
484,,,,,,,1,주배관,,,,,,,0,,4,주배관,A,0,,0,0,,
485,,,,,15mm초과~25mm이하,1.4,1.4,관리소,2,,,,,,2,,4,관리소,A,8,,8,11,,
486,,,,,,,1.4,주배관,,,,,,,0,,4,주배관,A,0,,0,0,,
487,,,,,25mm초과~40mm이하,2.2,2.2,관리소,,,,,,,0,,4,관리소,A,0,,0,0,,
488,,,,,,,2.2,주배관,,,,,,,,,4,주배관,A,0,,0,0,,
489,,,X-ray 발생장치,1.3,15mm 이하,1,1.3,관리소,,,,,,,0,,4,관리소,A,0,,0,0,,
490,,,,,,,1.3,주배관,,,,,,,0,,4,주배관,A,0,,0,0,,
491,,,,,15mm초과~25mm이하,1.4,1.8199999999999998,관리소,,,,,,,0,,4,관리소,A,0,,0,0,,
492,,,,,,,1.8199999999999998,주배관,,,,,,,0,,4,주배관,A,0,,0,0,,
493,,"10""",Ir-192 또는 Se-75,1,15mm 이하,1,1,관리소,,,,,,,0,4,4,관리소,A,0,,0,0,A,"ㅇ투과두께
    (P7,5) 9.5mm × 2(이중벽) = 19.0mm
    (P4,3,2,0.9) 7.8mm × 2(이중벽) = 15.6mm "
494,,,,,,,1,주배관,,,,,,,0,,4,주배관,A,0,,0,0,,
495,,,,,15mm초과~25mm이하,1.4,1.4,관리소,18,,,,,,18,,4,관리소,A,72,,72,101,,
496,,,,,,,1.4,주배관,,,,,,,0,,4,주배관,A,0,,0,0,,
497,,,,,25mm초과~40mm이하,2.2,2.2,관리소,,,,,,,0,,4,관리소,A,0,,0,0,,
498,,,,,,,2.2,주배관,,,,,,,,,4,주배관,A,0,,0,0,,
499,,,X-ray 발생장치,1.3,15mm 이하,1,1.3,관리소,,,,,,,0,,4,관리소,A,0,,0,0,,
500,,,,,,,1.3,주배관,,,,,,,0,,4,주배관,A,0,,0,0,,
501,,,,,15mm초과~25mm이하,1.4,1.8199999999999998,관리소,,,,,,,0,,4,관리소,A,0,,0,0,,
502,,,,,,,1.8199999999999998,주배관,,,,,,,0,,4,주배관,A,0,,0,0,,
503,,"8""",Ir-192 또는 Se-75,1,15mm 이하,1,1,관리소,,,,,,,0,3,3,관리소,A/2,0,,0,0,A/2,투과두께 : 9.5mm × 2(이중벽) = 19mm
504,,,,,,,1,주배관,,,,,,,0,,3,주배관,A/2,0,,0,0,,
505,,,,,15mm초과~25mm이하,1.4,1.4,관리소,3,,,,,,3,,3,관리소,A/2,9,,9,13,,
506,,,,,,,1.4,주배관,,,,,,,0,,3,주배관,A/2,0,,0,0,,
507,,,X-ray 발생장치,1.3,15mm 이하,1,1.3,관리소,,,,,,,0,,3,관리소,A/2,0,,0,0,,
508,,,,,,,1.3,주배관,,,,,,,0,,3,주배관,A/2,0,,0,0,,
509,,,,,15mm초과~25mm이하,1.4,1.8199999999999998,관리소,,,,,,,0,,3,관리소,A/2,0,,0,0,,
510,,,,,,,1.8199999999999998,주배관,,,,,,,0,,3,주배관,A/2,0,,0,0,,
511,,"6""",Ir-192 또는 Se-75,1,15mm 이하,1,1,관리소,4,,,,,,4,3,3,관리소,A,12,,12,12,A,투과두께 : 7.1mm × 2(이중벽) = 14.2mm
512,,,,,,,1,주배관,,,,,,,0,,3,주배관,A,0,,0,0,,
513,,,,,15mm초과~25mm이하,1.4,1.4,관리소,,,,,,,0,,3,관리소,A,0,,0,0,,
514,,,,,,,1.4,주배관,,,,,,,0,,3,주배관,A,0,,0,0,,
515,,,X-ray 발생장치,1.3,15mm 이하,1,1.3,관리소,,,,,,,0,,3,관리소,A,0,,0,0,,
516,,,,,,,1.3,주배관,,,,,,,0,,3,주배관,A,0,,0,0,,
517,,,,,15mm초과~25mm이하,1.4,1.8199999999999998,관리소,,,,,,,0,,3,관리소,A,0,,0,0,,
518,,,,,,,1.8199999999999998,주배관,,,,,,,0,,3,주배관,A,0,,0,0,,
519,,"4""",Ir-192 또는 Se-75,1,15mm 이하,1,1,관리소,15,,,,,,15,3,3,관리소,A/2,45,,45,45,A/2,투과두께 : 6.0mm × 2(이중벽) = 12.0mm
520,,,,,,,1,주배관,,,,,,,0,,3,주배관,A/2,0,,0,0,,
521,,,,,15mm초과~25mm이하,1.4,1.4,관리소,,,,,,,0,,3,관리소,A/2,0,,0,0,,
522,,,,,,,1.4,주배관,,,,,,,0,,3,주배관,A/2,0,,0,0,,
523,,,X-ray 발생장치,1.3,15mm 이하,1,1.3,관리소,,,,,,,0,,3,관리소,A/2,0,,0,0,,
524,,,,,,,1.3,주배관,,,,,,,0,,3,주배관,A/2,0,,0,0,,
525,,,,,15mm초과~25mm이하,1.4,1.8199999999999998,관리소,,,,,,,0,,3,관리소,A/2,0,,0,0,,
526,,,,,,,1.8199999999999998,주배관,,,,,,,0,,3,주배관,A/2,0,,0,0,,
527,,"3""","Ir-192(10~20Ci) 또는
Se-75(23.5~47Ci) 또는
Se-75(60Ci)",1,15mm 이하,1,1,관리소,,,,,,,0,3,3,관리소,A/2,0,,0,0,A/2,
528,,,,,,,1,주배관,,,,,,,0,,3,주배관,A/2,0,,0,0,,
529,,,,,15mm초과~25mm이하,1.4,1.4,관리소,,,,,,,0,,3,관리소,A/2,0,,0,0,,
530,,,,,,,1.4,주배관,,,,,,,0,,3,주배관,A/2,0,,0,0,,
531,,,X-ray 발생장치,1.3,15mm 이하,1,1.3,관리소,,,,,,,0,,3,관리소,A/2,0,,0,0,,
532,,,,,,,1.3,주배관,,,,,,,0,,3,주배관,A/2,0,,0,0,,
533,,,,,15mm초과~25mm이하,1.4,1.8199999999999998,관리소,,,,,,,0,,3,관리소,A/2,0,,0,0,,
534,,,,,,,1.8199999999999998,주배관,,,,,,,0,,3,주배관,A/2,0,,0,0,,
535,,"3""",Ir-192 또는 Se-75,1,15mm 이하,1,1,관리소,,,,,,,0,3,3,관리소,A/2,0,,0,0,A/2,
536,,,,,,,1,주배관,,,,,,,0,,3,주배관,A/2,0,,0,0,,
537,,,,,15mm초과~25mm이하,1.4,1.4,관리소,,,,,,,0,,3,관리소,A/2,0,,0,0,,
538,,,,,,,1.4,주배관,,,,,,,0,,3,주배관,A/2,0,,0,0,,
539,,,X-ray 발생장치,1.3,15mm 이하,1,1.3,관리소,,,,,,,0,,3,관리소,A/2,0,,0,0,,
540,,,,,,,1.3,주배관,,,,,,,0,,3,주배관,A/2,0,,0,0,,
541,,,,,15mm초과~25mm이하,1.4,1.8199999999999998,관리소,,,,,,,0,,3,관리소,A/2,0,,0,0,,
542,,,,,,,1.8199999999999998,주배관,,,,,,,0,,3,주배관,A/2,0,,0,0,,
543,,"2""",Ir-192 또는 Se-75,1,15mm 이하,1,1,관리소,34,,,,,,34,3,3,관리소,A/2,102,,102,102,A/2,투과두께 : 5.5mm이하(XS) × 2(이중벽) = 11.0mm이하
544,,,,,,,1,주배관,,,,,,,0,,3,주배관,A/2,0,,0,0,,
545,,,,,15mm초과~25mm이하,1.4,1.4,관리소,,,,,,,0,,3,관리소,A/2,0,,0,0,,
546,,,,,,,1.4,주배관,,,,,,,0,,3,주배관,A/2,0,,0,0,,
547,,,X-ray 발생장치,1.3,15mm 이하,1,1.3,관리소,,,,,,,0,,3,관리소,A/2,0,,0,0,,
548,,,,,,,1.3,주배관,,,,,,,0,,3,주배관,A/2,0,,0,0,,
549,,,,,15mm초과~25mm이하,1.4,1.8199999999999998,관리소,,,,,,,0,,3,관리소,A/2,0,,0,0,,
550,,,,,,,1.8199999999999998,주배관,,,,,,,0,,3,주배관,A/2,0,,0,0,,
551,,"1½""",Ir-192 또는 Se-75,1,15mm 이하,1,1,관리소,3,,,,,,3,3,3,관리소,A/2,9,,9,9,A/2,투과두께 : 5.5mm이하(XS) × 2(이중벽) = 11.0mm이하
552,,,,,,,1,주배관,,,,,,,0,,3,주배관,A/2,0,,0,0,,
553,,,,,15mm초과~25mm이하,1.4,1.4,관리소,,,,,,,0,,3,관리소,A/2,0,,0,0,,
554,,,,,,,1.4,주배관,,,,,,,0,,3,주배관,A/2,0,,0,0,,
555,,,X-ray 발생장치,1.3,15mm 이하,1,1.3,관리소,,,,,,,0,,3,관리소,A/2,0,,0,0,,
556,,,,,,,1.3,주배관,,,,,,,0,,3,주배관,A/2,0,,0,0,,
557,,,,,15mm초과~25mm이하,1.4,1.8199999999999998,관리소,,,,,,,0,,3,관리소,A/2,0,,0,0,,
558,,,,,,,1.8199999999999998,주배관,,,,,,,0,,3,주배관,A/2,0,,0,0,,
559,,"1""",Ir-192 또는 Se-75,1,15mm 이하,1,1,관리소,,,,,,,0,3,3,관리소,A/2,0,,0,0,A/2,투과두께 : 5.5mm이하(XS) × 2(이중벽) = 11.0mm이하
560,,,,,,,1,주배관,,,,,,,0,,3,주배관,A/2,0,,0,0,,
561,,,,,15mm초과~25mm이하,1.4,1.4,관리소,,,,,,,0,,3,관리소,A/2,0,,0,0,,
562,,,,,,,1.4,주배관,,,,,,,0,,3,주배관,A/2,0,,0,0,,
563,,,X-ray 발생장치,1.3,15mm 이하,1,1.3,관리소,,,,,,,0,,3,관리소,A/2,0,,0,0,,
564,,,,,,,1.3,주배관,,,,,,,0,,3,주배관,A/2,0,,0,0,,
565,,,,,15mm초과~25mm이하,1.4,1.8199999999999998,관리소,,,,,,,0,,3,관리소,A/2,0,,0,0,,
566,,,,,,,1.8199999999999998,주배관,,,,,,,0,,3,주배관,A/2,0,,0,0,,
567,,"3/4""",Ir-192 또는 Se-75,1,15mm 이하,1,1,관리소,2,,,,,,2,3,3,관리소,A/2,6,,6,6,A/2,투과두께 : 5.5mm이하(XS) × 2(이중벽) = 11.0mm이하
568,,,,,,,1,주배관,,,,,,,0,,3,주배관,A/2,0,,0,0,,
569,,,,,15mm초과~25mm이하,1.4,1.4,관리소,,,,,,,0,,3,관리소,A/2,0,,0,0,,
570,,,,,,,1.4,주배관,,,,,,,0,,3,주배관,A/2,0,,0,0,,
571,,,X-ray 발생장치,1.3,15mm 이하,1,1.3,관리소,,,,,,,0,,3,관리소,A/2,0,,0,0,,
572,,,,,,,1.3,주배관,,,,,,,0,,3,주배관,A/2,0,,0,0,,
573,,,,,15mm초과~25mm이하,1.4,1.8199999999999998,관리소,,,,,,,0,,3,관리소,A/2,0,,0,0,,
574,,,,,,,1.8199999999999998,주배관,,,,,,,0,,3,주배관,A/2,0,,0,0,,
575,,"1/2""",Ir-192 또는 Se-75,1,15mm 이하,1,1,관리소,2,,,,,,2,3,3,관리소,A/2,6,,6,6,A/2,투과두께 : 5.5mm이하(XS) × 2(이중벽) = 11.0mm이하
576,,,,,,,1,주배관,,,,,,,0,,3,주배관,A/2,0,,0,0,,
577,,,,,15mm초과~25mm이하,1.4,1.4,관리소,,,,,,,0,,3,관리소,A/2,0,,0,0,,
578,,,,,,,1.4,주배관,,,,,,,0,,3,주배관,A/2,0,,0,0,,
579,,,X-ray 발생장치,1.3,15mm 이하,1,1.3,관리소,,,,,,,0,,3,관리소,A/2,0,,0,0,,
580,,,,,,,1.3,주배관,,,,,,,0,,3,주배관,A/2,0,,0,0,,
581,,,,,15mm초과~25mm이하,1.4,1.8199999999999998,관리소,,,,,,,0,,3,관리소,A/2,0,,0,0,,
582,,,,,,,1.8199999999999998,주배관,,,,,,,0,,3,주배관,A/2,0,,0,0,,
583,,"2½""이하-(1)","Ir-192(10~20Ci) 또는
Se-75(23.5~47Ci) 또는
Se-75(60Ci)",1,15mm 이하,1,1,관리소,,,,,,,0,2,2,관리소,A/2,0,,0,0,A/2,
584,,,,,,,1,주배관,,,,,,,0,,2,주배관,A/2,0,,0,0,,
585,,,,,15mm초과~25mm이하,1.4,1.4,관리소,,,,,,,0,,2,관리소,A/2,0,,0,0,,
586,,,,,,,1.4,주배관,,,,,,,0,,2,주배관,A/2,0,,0,0,,
587,,,X-ray 발생장치,1.3,15mm 이하,1,1.3,관리소,,,,,,,0,,2,관리소,A/2,0,,0,0,,
588,,,,,,,1.3,주배관,,,,,,,0,,2,주배관,A/2,0,,0,0,,
589,,,,,15mm초과~25mm이하,1.4,1.8199999999999998,관리소,,,,,,,0,,2,관리소,A/2,0,,0,0,,
590,,,,,,,1.8199999999999998,주배관,,,,,,,0,,2,주배관,A/2,0,,0,0,,
591,,"2½""이하-(2)","Ir-192(10~20Ci) 또는
Se-75(23.5~47Ci) 또는
Se-75(60Ci)",1,15mm 이하,1,1,관리소,,,,,,,0,3,3,관리소,A/2,0,,0,0,A/2,
592,,,,,,,1,주배관,,,,,,,0,,3,주배관,A/2,0,,0,0,,
593,,,,,15mm초과~25mm이하,1.4,1.4,관리소,,,,,,,0,,3,관리소,A/2,0,,0,0,,
594,,,,,,,1.4,주배관,,,,,,,0,,3,주배관,A/2,0,,0,0,,
595,,,X-ray 발생장치,1.3,15mm 이하,1,1.3,관리소,,,,,,,0,,3,관리소,A/2,0,,0,0,,
596,,,,,,,1.3,주배관,,,,,,,0,,3,주배관,A/2,0,,0,0,,
597,,,,,15mm초과~25mm이하,1.4,1.8199999999999998,관리소,,,,,,,0,,3,관리소,A/2,0,,0,0,,
598,,,,,,,1.8199999999999998,주배관,,,,,,,0,,3,주배관,A/2,0,,0,0,,
599,,"6""
(Weldolet)",Ir-192 또는 Se-75,1,15mm 이하,1,1,관리소,,,,,,,0,6,6,관리소,B,0,,0,0,B,
600,,,,,,,1,주배관,,,,,,,0,,6,주배관,B,0,,0,0,,
601,,,,,15mm초과~25mm이하,1.4,1.4,관리소,,,,,,,0,,6,관리소,B,0,,0,0,,
602,,,,,,,1.4,주배관,,,,,,,0,,6,주배관,B,0,,0,0,,
603,,,X-ray 발생장치,1.3,15mm 이하,1,1.3,관리소,,,,,,,0,,6,관리소,B,0,,0,0,,
604,,,,,,,1.3,주배관,,,,,,,0,,6,주배관,B,0,,0,0,,
605,,,,,15mm초과~25mm이하,1.4,1.8199999999999998,관리소,,,,,,,0,,6,관리소,B,0,,0,0,,
606,,,,,,,1.8199999999999998,주배관,,,,,,,0,,6,주배관,B,0,,0,0,,
607,,"4""
(Weldolet)",Ir-192 또는 Se-75,1,15mm 이하,1,1,관리소,2,,,,,,2,6,6,관리소,A,12,,12,12,A,투과두께 : 6.0mm × 2(이중벽) = 12.0mm
608,,,,,,,1,주배관,,,,,,,0,,6,주배관,A,0,,0,0,,
609,,,,,15mm초과~25mm이하,1.4,1.4,관리소,,,,,,,0,,6,관리소,A,0,,0,0,,
610,6.0,,,,,,1.4,주배관,,,,,,,0,,6,주배관,A,0,,0,0,,
611,,,X-ray 발생장치,1.3,15mm 이하,1,1.3,관리소,,,,,,,0,,6,관리소,A,0,,0,0,,
612,,,,,,,1.3,주배관,,,,,,,0,,6,주배관,A,0,,0,0,,
613,,,,,15mm초과~25mm이하,1.4,1.8199999999999998,관리소,,,,,,,0,,6,관리소,A,0,,0,0,,
614,,,,,,,1.8199999999999998,주배관,,,,,,,0,,6,주배관,A,0,,0,0,,
615,,"2""
(Weldolet)",Ir-192 또는 Se-75,1,15mm 이하,1,1,관리소,8,,,,,,8,4,4,관리소,A,32,,32,32,A,투과두께 : 5.5mm이하(XS) × 2(이중벽) = 11.0mm이하
616,,,,,,,1,주배관,,,,,,,0,,4,주배관,A,0,,0,0,,
617,,,,,15mm초과~25mm이하,1.4,1.4,관리소,,,,,,,0,,4,관리소,A,0,,0,0,,
618,,,,,,,1.4,주배관,,,,,,,0,,4,주배관,A,0,,0,0,,
619,,,X-ray 발생장치,1.3,15mm 이하,1,1.3,관리소,,,,,,,0,,4,관리소,A,0,,0,0,,
620,,,,,,,1.3,주배관,,,,,,,0,,4,주배관,A,0,,0,0,,
621,,,,,15mm초과~25mm이하,1.4,1.8199999999999998,관리소,,,,,,,0,,4,관리소,A,0,,0,0,,
622,,,,,,,1.8199999999999998,주배관,,,,,,,0,,4,주배관,A,0,,0,0,,
623,,"1½"" 
(Weldolet)",Ir-192 또는 Se-75,1,15mm 이하,1,1,관리소,1,,,,,,1,4,4,관리소,A,4,,4,4,A,투과두께 : 5.5mm이하(XS) × 2(이중벽) = 11.0mm이하
624,,,,,,,1,주배관,,,,,,,0,,4,주배관,A,0,,0,0,,
625,,,,,15mm초과~25mm이하,1.4,1.4,관리소,,,,,,,0,,4,관리소,A,0,,0,0,,
626,,,,,,,1.4,주배관,,,,,,,0,,4,주배관,A,0,,0,0,,
627,,,X-ray 발생장치,1.3,15mm 이하,1,1.3,관리소,,,,,,,0,,4,관리소,A,0,,0,0,,
628,,,,,,,1.3,주배관,,,,,,,0,,4,주배관,A,0,,0,0,,
629,,,,,15mm초과~25mm이하,1.4,1.8199999999999998,관리소,,,,,,,0,,4,관리소,A,0,,0,0,,
630,,,,,,,1.8199999999999998,주배관,,,,,,,0,,4,주배관,A,0,,0,0,,
631,,"3""~4""","Ir-192(10~20Ci) 또는
Se-75(23.5~47Ci) 또는
Se-75(60Ci)",1,15mm 이하,1,1,관리소,,,,,,,0,3,3,관리소,A/2,0,,0,0,A/2,
632,,,,,,,1,주배관,,,,,,,0,,3,주배관,A/2,0,,0,0,,
633,,,,,15mm초과~25mm이하,1.4,1.4,관리소,,,,,,,0,,3,관리소,A/2,0,,0,0,,
634,,,,,,,1.4,주배관,,,,,,,0,,3,주배관,A/2,0,,0,0,,
635,,,X-ray 발생장치,1.3,15mm 이하,1,1.3,관리소,,,,,,,0,,3,관리소,A/2,0,,0,0,,
636,,,,,,,1.3,주배관,,,,,,,0,,3,주배관,A/2,0,,0,0,,
637,,,,,15mm초과~25mm이하,1.4,1.8199999999999998,관리소,,,,,,,0,,3,관리소,A/2,0,,0,0,,
638,,,,,,,1.8199999999999998,주배관,,,,,,,0,,3,주배관,A/2,0,,0,0,,
639,,"2½""이하-(1)","Ir-192(10~20Ci) 또는
Se-75(23.5~47Ci) 또는
Se-75(60Ci)",1,15mm 이하,1,1,관리소,,,,,,,0,2,2,관리소,A/2,0,,0,0,A/2,
640,,,,,,,1,주배관,,,,,,,0,,2,주배관,A/2,0,,0,0,,
641,,,,,15mm초과~25mm이하,1.4,1.4,관리소,,,,,,,0,,2,관리소,A/2,0,,0,0,,
642,,,,,,,1.4,주배관,,,,,,,0,,2,주배관,A/2,0,,0,0,,
643,,,X-ray 발생장치,1.3,15mm 이하,1,1.3,관리소,,,,,,,0,,2,관리소,A/2,0,,0,0,,
644,,,,,,,1.3,주배관,,,,,,,0,,2,주배관,A/2,0,,0,0,,
645,,,,,15mm초과~25mm이하,1.4,1.8199999999999998,관리소,,,,,,,0,,2,관리소,A/2,0,,0,0,,
646,,,,,,,1.8199999999999998,주배관,,,,,,,0,,2,주배관,A/2,0,,0,0,,
647,,"2½""이하-(2)","Ir-192(10~20Ci) 또는
Se-75(23.5~47Ci) 또는
Se-75(60Ci)",1,15mm 이하,1,1,관리소,,,,,,,0,3,3,관리소,A/2,0,,0,0,A/2,
648,,,,,,,1,주배관,,,,,,,0,,3,주배관,A/2,0,,0,0,,
649,,,,,15mm초과~25mm이하,1.4,1.4,관리소,,,,,,,0,,3,관리소,A/2,0,,0,0,,
650,,,,,,,1.4,주배관,,,,,,,0,,3,주배관,A/2,0,,0,0,,
651,,,X-ray 발생장치,1.3,15mm 이하,1,1.3,관리소,,,,,,,0,,3,관리소,A/2,0,,0,0,,
652,,,,,,,1.3,주배관,,,,,,,0,,3,주배관,A/2,0,,0,0,,
653,,,,,15mm초과~25mm이하,1.4,1.8199999999999998,관리소,,,,,,,0,,3,관리소,A/2,0,,0,0,,
654,,,,,,,1.8199999999999998,주배관,,,,,,,0,,3,주배관,A/2,0,,0,0,,
655,,"6""
(Weldolet)","Ir-192(10~20Ci) 또는
Se-75(23.5~47Ci) 또는
Se-75(60Ci)",1,15mm 이하,1,1,관리소,,,,,,,0,8,8,관리소,B,0,,0,0,B,
656,,,,,,,1,주배관,,,,,,,0,,8,주배관,B,0,,0,0,,
657,,,,,15mm초과~25mm이하,1.4,1.4,관리소,,,,,,,0,,8,관리소,B,0,,0,0,,
658,,,,,,,1.4,주배관,,,,,,,0,,8,주배관,B,0,,0,0,,
659,,,X-ray 발생장치,1.3,15mm 이하,1,1.3,관리소,,,,,,,0,,8,관리소,B,0,,0,0,,
660,,,,,,,1.3,주배관,,,,,,,0,,8,주배관,B,0,,0,0,,
661,,,,,15mm초과~25mm이하,1.4,1.8199999999999998,관리소,,,,,,,0,,8,관리소,B,0,,0,0,,
662,,,,,,,1.8199999999999998,주배관,,,,,,,0,,8,주배관,B,0,,0,0,,
663,,"4""
(Weldolet)","Ir-192(10~20Ci) 또는
Se-75(23.5~47Ci) 또는
Se-75(60Ci)",1,15mm 이하,1,1,관리소,,,,,,,0,7,7,관리소,A,0,,0,0,A,
664,,,,,,,1,주배관,,,,,,,0,,7,주배관,A,0,,0,0,,
665,,,,,15mm초과~25mm이하,1.4,1.4,관리소,,,,,,,0,,7,관리소,A,0,,0,0,,
666,,,,,,,1.4,주배관,,,,,,,0,,7,주배관,A,0,,0,0,,
667,,,X-ray 발생장치,1.3,15mm 이하,1,1.3,관리소,,,,,,,0,,7,관리소,A,0,,0,0,,
668,,,,,,,1.3,주배관,,,,,,,0,,7,주배관,A,0,,0,0,,
669,,,,,15mm초과~25mm이하,1.4,1.8199999999999998,관리소,,,,,,,0,,7,관리소,A,0,,0,0,,
670,,,,,,,1.8199999999999998,주배관,,,,,,,0,,7,주배관,A,0,,0,0,,
671,,"2"" 이하
(Weldolet)","Ir-192(10~20Ci) 또는
Se-75(23.5~47Ci) 또는
Se-75(60Ci)",1,15mm 이하,1,1,관리소,,,,,,,0,7,7,관리소,A,0,,0,0,A,
672,,,,,,,1,주배관,,,,,,,0,,7,주배관,A,0,,0,0,,
673,,,,,15mm초과~25mm이하,1.4,1.4,관리소,,,,,,,0,,7,관리소,A,0,,0,0,,
674,,,,,,,1.4,주배관,,,,,,,0,,7,주배관,A,0,,0,0,,
675,,,X-ray 발생장치,1.3,15mm 이하,1,1.3,관리소,,,,,,,0,,7,관리소,A,0,,0,0,,
676,,,,,,,1.3,주배관,,,,,,,0,,7,주배관,A,0,,0,0,,
677,,,,,15mm초과~25mm이하,1.4,1.8199999999999998,관리소,,,,,,,0,,7,관리소,A,0,,0,0,,
678,,,,,,,1.8199999999999998,주배관,,,,,,,0,,7,주배관,A,0,,0,0,,
679,,"1"" 
(Weldolet)",Ir-192 또는 Se-75,1,15mm 이하,1,1,관리소,1,,,,,,1,4,4,관리소,A,4,,4,4,A,투과두께 : 5.5mm이하(XS) × 2(이중벽) = 11.0mm이하
680,,,,,,,1,주배관,,,,,,,0,,4,주배관,A,0,,0,0,,
681,,,,,15mm초과~25mm이하,1.4,1.4,관리소,,,,,,,0,,4,관리소,A,0,,0,0,,
682,,,,,,,1.4,주배관,,,,,,,0,,4,주배관,A,0,,0,0,,
683,,,X-ray 발생장치,1.3,15mm 이하,1,1.3,관리소,,,,,,,0,,4,관리소,A,0,,0,0,,
684,,,,,,,1.3,주배관,,,,,,,0,,4,주배관,A,0,,0,0,,
685,,,,,15mm초과~25mm이하,1.4,1.8199999999999998,관리소,,,,,,,0,,4,관리소,A,0,,0,0,,
686,,,,,,,1.8199999999999998,주배관,,,,,,,0,,4,주배관,A,0,,0,0,,
687,,합계,,,,,,,453,0,0,0,0,0,453,,,,,2117,0,2117,2325,,
688,,,,,,,,,,,,,,,,,,,,,,,,,
689,,,,,,,,,,,,,,,,,,,,,,,,,
690,,,,,,,,,,,,,,,,,,,,,,,,,
691,,,,,,,,,5211,,,,,,,,,,,,,,,,
