0,1,2,3,4,5,6,7,8,9,10,11,12,13,14,15,16,17,18,19
산 출 명 세 서,,,,,,,,,,,,,,,,,,,
가산~가평 천연가스 공급시설 건설공사 비파괴검사 기술용역,,,,,,,,,,,,,,,,,,,
구      분,,품    목,규      격,단위 ,산출,,,비  고,,구      분,,품    목,규      격,단위 ,산출,,,비  고,
번호,비목,,,,수   량,단  가,금     액,,,번호,비목,,,,수   량,단  가,금     액,,
,,,,,,,,,,,,,,,,,,,
Ⅰ. 재료비,,,,,,,,,,,,,,,,,,,
     1. 방사선 투과검사 (RT),,,,,,,,,,,,,,,,,,,
,,필      름,"3⅓""ⅹ17""",매,20368,3379,68823472,,,,,,,,,,,,
,,필      름,"3⅓""ⅹ12""",매,2464,2540,6258560,,,,,,,,,,,,
,,필      름,"3⅓""ⅹ6""",매,1704,1515,2581560,,,,,,,,,,,,
,,동위원소,Ir-192,개,3.2731023999999995,2475000,8100928,,,,,,,,,,,,
,,동위원소,se-75,개,8.1852096,15450000,126461488,,,,,,,,,,,,
,,CD(필름),,개,24536,0.15,3680.4,,,,,,,,,,,,
,,CD(보고서),,개,3110.6499999999996,0.09,279.95849999999996,,,,,,,,,,,,
,,소     계,,,,,212229968.3585,,,,,,,,,,,,
,,적     용,,,,,212229000,,,,,,,,,,,,
,,,,,,,,,,,,,,,,,,,
     2. 초음파 탐상검사 (UT),,,,,,,,,,,,,,,,,,,
,,엔진오일,,m,319.02,701.32,223735,,,,,,,,,,,,
,,소 창 직,,m,319.02,414.2857142857143,132165,,,,,,,,,,,,
,,소     계,,,,,355900,,,,,,,,,,,,
,,적     용,,,,,355000,,,,,,,,,,,,
,,,,,,,,,,,,,,,,,,,
     3. 액체침투 탐상검사 (PT),,,,,,,,,,,,,,,,,,,
,,침투탐상제,,m,338.63,3142.222222222222,1064050,,,,,,,,,,,,
,,흡수지,,m,338.63,828.5714285714286,280579,,,,,,,,,,,,
,,소     계,,,,,1344629,,,,,,,,,,,,
,,적     용,,,,,1344000,,,,,,,,,,,,
,,,,,,,,,,,,,,,,,,,
,,,,,,,,,,,,,,,,,,,
,,재료비 합계 ( 1 + 2 + 3 ),,,,,213928000,,,,,,,,,,,,
,,,,,,,,,,,,,,,,,,,
Ⅱ.  노무비,,,,,,,,,,구      분,,품    목,규      격,단위 ,설계,,,비  고,
     1. 직접 노무비,,,,,,,,,,번호,비목,,,,수   량,단  가,금     액,,
,가. 방사선투과검사(RT)-플랜트,,(관리소),,,,,,,,가. 방사선투과검사(RT)-수송배관,,(주배관),,,,,,방사선 투과검사-종합
, 1) 일반검사,,,,,,,,,, 1) 일반검사,,,,,,,,(플랜트 + 수송배관)
,,기술관리,중급기술자,MD,21.742,363751,7908674,,,,,기술관리,중급기술자,MD,71.593,363751,26042025,,
,,방사선 안전관리,초급기술자,MD,0,297437,0,,,,,방사선 안전관리,초급기술자,MD,305.9,297437,90985978,,
,,촬영작업-1,중급숙련기술자,MD,205.789,350319,72091796,,,,,촬영작업-1,중급숙련기술자,MD,630.98,350319,221044282,,
,,촬영작업-2,초급숙련기술자,MD,205.789,226251,46559967,,,,,촬영작업-2,초급숙련기술자,MD,630.98,226251,142759855,,
,,현상 및 정리,중급숙련자,MD,43.485,350319,15233621,,,,,현상 및 정리,중급숙련자,MD,143.186,350319,50160776,,
,,필름 판독,중급기술자,MD,43.485,363751,15817712,,,,,필름 판독,중급기술자,MD,143.186,363751,52084050,,
,,보고서 작성,중급숙련기술자,MD,29.354,350319,10283263,,,,,보고서 작성,중급숙련기술자,MD,103.753,350319,36346647,,
,,현장검사 조건확인,중급숙련기술자,MD,18.722,350319,6558672,,,,,현장검사 조건확인,중급숙련기술자,MD,61.649,350319,21596816,,
,,소   계,,,,,174453705,,,,,소   계,,,,,641020429,,
,,적     용,,,,,174453000,,,,,적     용,,,,,641020000,,815473000
, 2) 휴일검사,,,,,,,,,, 2) 휴일검사,,,,,,,,
,,기술관리,중급기술자,MD,2.731,545626.5,1490105,,,,,기술관리,중급기술자,MD,7.938,545626.5,4331183,,
,,방사선 안전관리,초급기술자,MD,0,446155.5,0,,,,,방사선 안전관리,초급기술자,MD,33.6,446155.5,14990824,,
,,촬영작업-1,중급숙련기술자,MD,25.662,525478.5,13484829,,,,,촬영작업-1,중급숙련기술자,MD,69.953,525478.5,36758797,,
,,촬영작업-2,초급숙련기술자,MD,25.662,339376.5,8709079,,,,,촬영작업-2,초급숙련기술자,MD,69.953,339376.5,23740404,,
,,현상 및 정리,중급숙련자,MD,5.463,525478.5,2870689,,,,,현상 및 정리,중급숙련자,MD,15.876,525478.5,8342496,,
,,필름 판독,중급기술자,MD,5.463,545626.5,2980757,,,,,필름 판독,중급기술자,MD,15.876,545626.5,8662366,,
,,보고서 작성,중급숙련기술자,MD,0,350319,0,,,,,보고서 작성,중급숙련기술자,MD,0,350319,0,,
,,현장검사 조건확인,중급숙련기술자,MD,2.352,525478.5,1235925,,,,,현장검사 조건확인,중급숙련기술자,MD,6.835,525478.5,3591645,,
,,소   계,,,,,30771384,,,,,소   계,,,,,100417715,,
,,적     용,,,,,30771000,,,,,적     용,,,,,100417000,,131188000
, 3) 야간검사,,,,,,,,,, 3) 야간검사,,,,,,,,
,,기술관리,중급기술자,MD,2.797,545626.5,1526117,,,,,기술관리,중급기술자,MD,16.858,545626.5,9198171,,
,,방사선 안전관리,초급기술자,MD,0,446155.5,0,,,,,방사선 안전관리,초급기술자,MD,72.1,446155.5,32167811,,
,,촬영작업-1,중급숙련기술자,MD,26.402,525478.5,13873683,,,,,촬영작업-1,중급숙련기술자,MD,148.584,525478.5,78077697,,
,,촬영작업-2,초급숙련기술자,MD,26.402,339376.5,8960218,,,,,촬영작업-2,초급숙련기술자,MD,148.584,339376.5,50425917,,
,,현상 및 정리,중급숙련자,MD,5.594,525478.5,2939526,,,,,현상 및 정리,중급숙련자,MD,33.717,525478.5,17717558,,
,,필름 판독,중급기술자,MD,5.594,545626.5,3052234,,,,,필름 판독,중급기술자,MD,33.717,545626.5,18396888,,
,,보고서 작성,중급숙련기술자,MD,0,350319,0,,,,,보고서 작성,중급숙련기술자,MD,0,350319,0,,
,,현장검사 조건확인,중급숙련기술자,MD,2.408,525478.5,1265352,,,,,현장검사 조건확인,중급숙련기술자,MD,14.517,525478.5,7628371,,
,,소   계,,,,,31617130,,,,,소   계,,,,,213612413,,
,,적     용,,,,,31617000,,,,,적     용,,,,,213612000,,245229000
,,,,,,,,,,,,,,,,,,,
, 4) 일반검사(내부선원),,,,,,,,,, 4) 일반검사(내부선원),,,,,,,,
,,기술관리,중급기술자,MD,0,363751,0,,,,,기술관리,중급기술자,MD,0,363751,0,,
,,방사선 안전관리,초급기술자,MD,0,297437,0,,,,,방사선 안전관리,초급기술자,MD,0,297437,0,,
,,촬영작업-1,중급숙련기술자,MD,0,350319,0,,,,,촬영작업-1,중급숙련기술자,MD,0,350319,0,,
,,촬영작업-2,초급숙련기술자,MD,0,226251,0,,,,,촬영작업-2,초급숙련기술자,MD,0,226251,0,,
,,현상 및 정리,중급숙련자,MD,0,350319,0,,,,,현상 및 정리,중급숙련자,MD,0,350319,0,,
,,필름 판독,중급기술자,MD,0,363751,0,,,,,필름 판독,중급기술자,MD,0,363751,0,,
,,보고서 작성,중급숙련기술자,MD,0,350319,0,,,,,보고서 작성,중급숙련기술자,MD,0,350319,0,,
,,현장검사 조건확인,중급숙련기술자,MD,0,350319,0,,,,,현장검사 조건확인,중급숙련기술자,MD,0,350319,0,,
,,소   계,,,,,0,,,,,소   계,,,,,0,,
,,적     용,,,,,0,,,,,적     용,,,,,0,,0
, 5) 휴일검사((내부선원),,,,,,,,,, 5) 휴일검사(내부선원),,,,,,,,
,,기술관리,중급기술자,MD,0,545626.5,0,,,,,기술관리,중급기술자,MD,0,545626.5,0,,
,,방사선 안전관리,초급기술자,MD,0,446155.5,0,,,,,방사선 안전관리,초급기술자,MD,0,446155.5,0,,
,,촬영작업-1,중급숙련기술자,MD,0,525478.5,0,,,,,촬영작업-1,중급숙련기술자,MD,0,525478.5,0,,
,,촬영작업-2,초급숙련기술자,MD,0,339376.5,0,,,,,촬영작업-2,초급숙련기술자,MD,0,339376.5,0,,
,,현상 및 정리,중급숙련자,MD,0,525478.5,0,,,,,현상 및 정리,중급숙련자,MD,0,525478.5,0,,
,,필름 판독,중급기술자,MD,0,545626.5,0,,,,,필름 판독,중급기술자,MD,0,545626.5,0,,
,,보고서 작성,중급숙련기술자,MD,0,350319,0,,,,,보고서 작성,중급숙련기술자,MD,0,350319,0,,
,,현장검사 조건확인,중급숙련기술자,MD,0,525478.5,0,,,,,현장검사 조건확인,중급숙련기술자,MD,0,525478.5,0,,
,,소   계,,,,,0,,,,,소   계,,,,,0,,
,,적     용,,,,,0,,,,,적     용,,,,,0,,0
, 6) 야간검사(내부선원),,,,,,,,,, 6) 야간검사(내부선원),,,,,,,,
,,기술관리,중급기술자,MD,0,545626.5,0,,,,,기술관리,중급기술자,MD,0,545626.5,0,,
,,방사선 안전관리,초급기술자,MD,0,446155.5,0,,,,,방사선 안전관리,초급기술자,MD,0,446155.5,0,,
,,촬영작업-1,중급숙련기술자,MD,0,525478.5,0,,,,,촬영작업-1,중급숙련기술자,MD,0,525478.5,0,,
,,촬영작업-2,초급숙련기술자,MD,0,339376.5,0,,,,,촬영작업-2,초급숙련기술자,MD,0,339376.5,0,,
,,현상 및 정리,중급숙련자,MD,0,525478.5,0,,,,,현상 및 정리,중급숙련자,MD,0,525478.5,0,,
,,필름 판독,중급기술자,MD,0,545626.5,0,,,,,필름 판독,중급기술자,MD,0,545626.5,0,,
,,보고서 작성,중급숙련기술자,MD,0,350319,0,,,,,보고서 작성,중급숙련기술자,MD,0,350319,0,,
,,현장검사 조건확인,중급숙련기술자,MD,0,525478.5,0,,,,,현장검사 조건확인,중급숙련기술자,MD,0,525478.5,0,,
,,소   계,,,,,0,,,,,소   계,,,,,0,,
,,적     용,,,,,0,,,,,적     용,,,,,0,,0
,,,,,,,,,,,,,,,,,,,
,나. 초음파 탐상검사 (UT)-플랜트,,,,,,,,,,나. 초음파 탐상검사 (UT)-수송배관,,,,,,,,초음파 탐상검사-종합
,   1) 일반검사,,,,,,,,,,   1) 일반검사,,,,,,,,(플랜트 + 수송배관)
,,기술관리,중급기술자,MD,0,261545,0,,,,,기술관리,중급기술자,MD,3.602,261545,942085,,
,,탐상작업-1,중급숙련기술자,MD,0,226344,0,,,,,탐상작업-1,중급숙련기술자,MD,18.859,226344,4268621,,
,,탐상작업-2,초급숙련기술자,MD,0,194317,0,,,,,탐상작업-2,초급숙련기술자,MD,18.859,194317,3664624,,
,,보고서 작성,중급숙련기술자,MD,0,226344,0,,,,,보고서 작성,중급숙련기술자,MD,4.301,226344,973505,,
,,현장검사 조건확인,중급숙련기술자,MD,0,226344,0,,,,,현장검사 조건확인,중급숙련기술자,MD,2.409,226344,545262,,
,,소    계,,,,,0,,,,,소    계,,,,,10394097,,
,,적    용,,,,,0,,,,,적    용,,,,,10394000,,10394000
,   2) 휴일검사,,,,,,,,,,   2) 휴일검사,,,,,,,,
,,기술관리,중급기술자,MD,0,392317.5,0,,,,,기술관리,중급기술자,MD,0.411,392317.5,161242,,
,,탐상작업-1,중급숙련기술자,MD,0,339516,0,,,,,탐상작업-1,중급숙련기술자,MD,2.152,339516,730638,,
,,탐상작업-2,초급숙련기술자,MD,0,291475.5,0,,,,,탐상작업-2,초급숙련기술자,MD,2.152,291475.5,627255,,
,,보고서 작성,중급숙련기술자,MD,0,226344,0,,,,,보고서 작성,중급숙련기술자,MD,0,226344,0,,
,,현장검사 조건확인,중급숙련기술자,MD,0,339516,0,,,,,현장검사 조건확인,중급숙련기술자,MD,0.274,339516,93027,,
,,소    계,,,,,0,,,,,소    계,,,,,1612162,,
,,적    용,,,,,0,,,,,적    용,,,,,1612000,,1612000
,   3) 야간검사,,,,,,,,,,   3) 야간검사,,,,,,,,
,,기술관리,중급기술자,MD,0,392317.5,0,,,,,기술관리,중급기술자,MD,0.822,392317.5,322484,,
,,탐상작업-1,중급숙련기술자,MD,0,339516,0,,,,,탐상작업-1,중급숙련기술자,MD,4.28,339516,1453128,,
,,탐상작업-2,초급숙련기술자,MD,0,291475.5,0,,,,,탐상작업-2,초급숙련기술자,MD,4.28,291475.5,1247515,,
,,보고서 작성,중급숙련기술자,MD,0,226344,0,,,,,보고서 작성,중급숙련기술자,MD,0,226344,0,,
,,현장검사 조건확인,중급숙련기술자,MD,0,339516,0,,,,,현장검사 조건확인,중급숙련기술자,MD,0.549,339516,186394,,
,,소    계,,,,,0,,,,,소    계,,,,,3209521,,
,,적    용,,,,,0,,,,,적    용,,,,,3209000,,3209000
,,,,,,,,,,,,,,,,,,,
,다. 액체침투 탐상검사 (PT)-플랜트,,,,,,,,,,다. 액체침투 탐상검사 (PT)-수송배관,,,,,,,,액체침투 탐상검사-종합
,   1) 일반검사,,,,,,,,,,   1) 일반검사,,,,,,,,(플랜트 + 수송배관)
,,기술관리,중급기술자,MD,0.167,261545,43678,,,,,기술관리,중급기술자,MD,2.283,261545,597107,,
,,탐상작업-1,중급숙련기술자,MD,1.507,226344,341100,,,,,탐상작업-1,중급숙련기술자,MD,17.664,226344,3998140,,
,,탐상작업-2,초급숙련기술자,MD,1.507,194317,292835,,,,,탐상작업-2,초급숙련기술자,MD,17.664,194317,3432415,,
,,보고서 작성,중급숙련기술자,MD,0.206,226344,46626,,,,,보고서 작성,중급숙련기술자,MD,2.966,226344,671336,,
,,현장검사 조건확인,중급숙련기술자,MD,0.143,226344,32367,,,,,현장검사 조건확인,중급숙련기술자,MD,1.959,226344,443407,,
,,소    계,,,,,756606,,,,,소    계,,,,,9142405,,
,,적    용,,,,,756000,,,,,적    용,,,,,9142000,,9898000
,   2) 휴일검사,,,,,,,,,,   2) 휴일검사,,,,,,,,
,,기술관리,중급기술자,MD,0.022,392317.5,8630,,,,,기술관리,중급기술자,MD,0.26,392317.5,102002,,
,,탐상작업-1,중급숙련기술자,MD,0.206,339516,69940,,,,,탐상작업-1,중급숙련기술자,MD,2.015,339516,684124,,
,,탐상작업-2,초급숙련기술자,MD,0.206,291475.5,60043,,,,,탐상작업-2,초급숙련기술자,MD,2.015,291475.5,587323,,
,,보고서 작성,중급숙련기술자,MD,0,226344,0,,,,,보고서 작성,중급숙련기술자,MD,0,226344,0,,
,,현장검사 조건확인,중급숙련기술자,MD,0.019,339516,6450,,,,,현장검사 조건확인,중급숙련기술자,MD,0.223,339516,75712,,
,,소    계,,,,,145063,,,,,소    계,,,,,1449161,,
,,적    용,,,,,145000,,,,,적    용,,,,,1449000,,1594000
,   3) 야간검사,,,,,,,,,,   3) 야간검사,,,,,,,,
,,기술관리,중급기술자,MD,0.022,392317.5,8630,,,,,기술관리,중급기술자,MD,0.521,392317.5,204397,,
,,탐상작업-1,중급숙련기술자,MD,0.221,339516,75033,,,,,탐상작업-1,중급숙련기술자,MD,4.03,339516,1368249,,
,,탐상작업-2,초급숙련기술자,MD,0.221,291475.5,64416,,,,,탐상작업-2,초급숙련기술자,MD,4.03,291475.5,1174646,,
,,보고서 작성,중급숙련기술자,MD,0,226344,0,,,,,보고서 작성,중급숙련기술자,MD,0,226344,0,,
,,현장검사 조건확인,중급숙련기술자,MD,0.019,339516,6450,,,,,현장검사 조건확인,중급숙련기술자,MD,0.447,339516,151763,,
,,소    계,,,,,148079,,,,,소    계,,,,,2899055,,
,,적    용,,,,,148000,,,,,적    용,,,,,2899000,,3047000
,,,,,,,,,,,,,,,,,,,
,,,,,,,,,,,,,,,,,,,
,,,,,,,,,,,,,,,,,,,
,,직접인건비 계 ( 가 + 나 + 다 ),,,,,1221644000,,,,,,,,,,,,
,,,,,,,,,,,,,,,,,,,
,,,,,,,,,,,,,,,,,,,
Ⅲ. 경    비,,,,,,,,,,,,,,,,,,,
     1-1. 기계경비 [RT(GAMMA-RAY)장비 손료],,,,,,,,,,,,,,,,,,,
,,,,,,,,,,,,,,,,,,,
,,적     용,,,,,11653000,,,,,,,,,,,,
,,,,,,,,,,,,,,,,,,,
     1-2. 기계경비 [UT장비 손료],,,,,,,,,,,,,,,,,,,
,,,,,,,,,,,,,,,,,,,
,,적     용,,,,,329000,,,,,,,,,,,,
,,,,,,,,,,,,,,,,,,,
,,,,,,,,,,,,,,,,,,,
     1-3. 기계경비 [인소스크롤러 손료],,,,,,,,,,,,,,,,,,,
,,,,,,,,,,,,,,,,,,,
,,적     용,,,,,29018000,,,,,,,,,,,,
,,,,,,,,,,,,,,,,,,,
,,1. 기계경비 합계 ( 1-1 + 1-2 + 1-3 ),,,,,41000000,,,,,,,,,,,,
,,,,,,,,,,,,,,,,,,,
,,,,,,,,,,,,,,,,,,,
     2. 방사선투과검사 안전보건관리비,,,,,,,,,,,,,,,,,,,
,"""건설업 산업안전보건관리비 계상 및 사용기준"" [별표1] '특수 및 기타 건설공사' 요율 적용",,,,,,,,,,,,,,,,,,
,[RT재료비 + RT직접인건비] x 안전관리비율,,,,,,,,,,,,,,,,,,
,212229000,+,1191890000,x,0.0159,,22325492.1,계약시 금액조정 없음,,,,,,,,,,,
,,,,,,,,,,,,,,,,,,,
,,적     용,,,,,22325000,실적정산,,,,,,,,,,,
,,,,,,,,,,,,,,,,,,,
    3. 가설사무실(공사비단가*사용면적*손율),,,,,,,6183014,,,,,,,,,,,,
,,적   용,,,,,6183000,,,,,,,,,,,,
,,,,,,,,,,,,,,,,,,,
    4. 주재비 및 국내 출장여비,,,,,,,2226096,,,,,,,,,,,,
,,적   용,,,,,2226000,"준공시 확정분 지급
(필요시)",,,,,,,,,,,
,,,,,,,,,,,,,,,,,,,
    5. 도서인쇄비,,,,,,,481599.99999999994,,,,,,,,,,,,
,,적   용,,,,,481000,"준공시 확정분 지급
(필요시)",,,,,,,,,,,
,,,,,,,,,,,,,,,,,,,
,경비 합계 (1 + 2  + 3 + 4 + 5),,,,,,72215000,,,,,,,,,,,,
,,,,,,,,,,,,,,,,,,,
Ⅳ. 제경비,,,,,,,,,,,,,,,,,,,
,[직접인건비] x 110 %,,,,,,,,,,,,,,,,,,
,,,1221644000,ⅹ,0.8,=,977315200,,,,,,,,,,,,
,,적     용,,,,,977315200,,,,,,,,,,,,
,,,,,,,,,,,,,,,,,,,
Ⅴ. 기술료 ,,,,,,,,,,,,,,,,,,,
,[직접인건비 + 제경비] x 20%,,,,,,,,,,,,,,,,,,
,1221644000,+,977315200,ⅹ,0.05860573410448816,=,128871618.18181801,,,,,,,,,,,,
,,,,,,,,,,,,,,,,,,,
,,적     용,,,,,128871618.18181801,,,,,,,,,,,,
,,,,,,,,,,,,,,,,,,,
,※총용역금액 ( Ⅰ+ Ⅱ + Ⅲ + Ⅳ + Ⅴ),,,,,,2613973818.181818,,,,,,,,,,,,
,,,,,,,,,,,,,,,,,,,
Ⅶ. 엔지니어링 손해배상 공제료,,,,,,,,,,,,,,,,,,,
,[ 엔지니어링 손해배상 공제료 요율표 적용 ],,,,,,,,,,,,,,,,,,
,,적     용,,,,,14729000,,,,,,,,,,,,
,,,,,,,,,,,,,,,,,,,
,※ 검사비 총계 ( Ⅰ+ Ⅱ + Ⅲ + Ⅳ + Ⅴ + Ⅵ + Ⅶ ),,,,,,2628702818.181818,,,,,,,,,,,,
