순번,"촬영
일자",공정,Line No.,Joint,"용접사
번호",관경,합부,PAUT길이,selected,Date,Joint No.,Size,Th'k(mm),Acc,Rej,Start,End,Length(mm),Upper,Lower,Height(mm),Type of Flaw,a/l,a/t,Welder,Tested Length,Evaluation,Remarks,No,date_filtered
39.0,2026-03-30,PAUT,DT2024-016-101-0-3-850A,R1,W-2021-A-98,850,합격,2.7131,True,2026-03-30,R01,850A,10.3,√,,,,,,,,,,,W-2021-A-98,2.7131,합격,,,True
50.0,2026-04-07,PAUT,DT2024-016-018-0-1-300A,R1,W-2021-A-98,300A,합격,1.0006,True,2026-04-07,R01,300A,6.4,√,,,,,,,,,,,W-2021-A-98,1.0006,합격,,,True
44.0,2026-05-11,PAUT,DT2024-016-101-0-4-850A,R1,W-2021-A-98,850,합격,2.7131,True,2026-05-11,R01,850A,10.3,√,,,,,,,,,,,W-2021-A-98,2.7131,합격,,,True
40.0,2026-03-30,PAUT,DT2024-016-101-0-3-850A,R2,W-2021-A-98,850,합격,2.7131,True,2026-03-30,R02,850A,10.3,√,,,,,,,,,,,W-2021-A-98,2.7131,합격,,,True
51.0,2026-04-07,PAUT,DT2024-016-018-0-1-300A,R2,W-2021-A-98,300A,합격,1.0006,True,2026-04-07,R02,300A,6.4,√,,,,,,,,,,,W-2021-A-98,1.0006,합격,,,True
45.0,2026-05-11,PAUT,DT2024-016-101-0-4-850A,R2,W-2021-A-98,850,합격,2.7131,True,2026-05-11,R02,850A,10.3,√,,,,,,,,,,,W-2021-A-98,2.7131,합격,,,True
41.0,2026-03-30,PAUT,DT2024-016-101-0-3-850A,R3,W-2021-A-98,850,합격,2.7131,True,2026-03-30,R03,850A,10.3,√,,,,,,,,,,,W-2021-A-98,2.7131,합격,,,True
52.0,2026-04-07,PAUT,DT2024-016-018-0-1-300A,R3,W-2021-A-98,300A,합격,1.0006,True,2026-04-07,R03,300A,6.4,√,,,,,,,,,,,W-2021-A-98,1.0006,합격,,,True
46.0,2026-05-11,PAUT,DT2024-016-101-0-4-850A,R3,W-2021-A-98,850,합격,2.7131,True,2026-05-11,R03,850A,10.3,√,,,,,,,,,,,W-2021-A-98,2.7131,합격,,,True
42.0,2026-03-30,PAUT,DT2024-016-101-0-3-850A,R3-1,W-2021-A-98,850,합격,2.7131,True,2026-03-30,R03-1,850A,10.3,√,,,,,,,,,,,W-2021-A-98,2.7131,합격,,,True
5.0,2026-03-13,PAUT,DT2024-016-101-0-3-850A,R4,W-2021-A-98,850,합격,2.7131,True,2026-03-13,R04,850A,10.3,√,,,,,,,,,,,W-2021-A-98,2.7131,합격,,,True
53.0,2026-04-07,PAUT,DT2024-016-018-0-1-300A,R4,W-2021-A-98,300A,합격,1.0006,True,2026-04-07,R04,300A,6.4,√,,,,,,,,,,,W-2021-A-98,1.0006,합격,,,True
47.0,2026-05-11,PAUT,DT2024-016-101-0-4-850A,R4,W-2021-A-98,850,합격,2.7131,True,2026-05-11,R04,850A,10.3,√,,,,,,,,,,,W-2021-A-98,2.7131,합격,,,True
6.0,2026-03-13,PAUT,DT2024-016-101-0-3-850A,R5,W-2021-A-98,850,합격,2.7131,True,2026-03-13,R05,850A,10.3,√,,,,,,,,,,,W-2021-A-98,2.7131,합격,,,True
54.0,2026-04-07,PAUT,DT2024-016-018-0-1-300A,R5,W-2021-A-98,300A,합격,1.0006,True,2026-04-07,R05,300A,6.4,√,,,,,,,,,,,W-2021-A-98,1.0006,합격,,,True
59.0,2026-04-21,PAUT,DT2024-016-101-0-4-850A,R5,W-2021-A-98,850,합격,2.7131,True,2026-04-21,R05,850A,10.3,√,,,,,,,,,,,W-2021-A-98,2.7131,합격,,,True
7.0,2026-03-13,PAUT,DT2024-016-101-0-3-850A,R6,W-2021-A-98,850,합격,2.7131,True,2026-03-13,R06,850A,10.3,√,,,,,,,,,,,W-2021-A-98,2.7131,합격,,,True
60.0,2026-04-21,PAUT,DT2024-016-101-0-4-850A,R6,W-2021-A-98,850,합격,2.7131,True,2026-04-21,R06,850A,10.3,√,,,,,,,,,,,W-2021-A-98,2.7131,합격,,,True
8.0,2026-03-13,PAUT,DT2024-016-101-0-3-850A,R7,W-2021-A-98,850,합격,2.7131,True,2026-03-13,R07,850A,10.3,√,,,,,,,,,,,W-2021-A-98,2.7131,합격,,,True
61.0,2026-04-21,PAUT,DT2024-016-101-0-4-850A,R7,W-2021-A-98,850,합격,2.7131,True,2026-04-21,R07,850A,10.3,√,,,,,,,,,,,W-2021-A-98,2.7131,합격,,,True
43.0,2026-03-30,PAUT,DT2024-016-101-0-3-850A,R7-1,W-2021-A-98,850,합격,2.7131,True,2026-03-30,R07-1,850A,10.3,√,,,,,,,,,,,W-2021-A-98,2.7131,합격,,,True
44.0,2026-03-30,PAUT,DT2024-016-101-0-3-850A,R8,W-2021-A-98,850,합격,2.7131,True,2026-03-30,R08,850A,10.3,√,,,,,,,,,,,W-2021-A-98,2.7131,합격,,,True
62.0,2026-04-21,PAUT,DT2024-016-101-0-4-850A,R8,W-2021-A-98,850,합격,2.7131,True,2026-04-21,R08,850A,10.3,√,,,,,,,,,,,W-2021-A-98,2.7131,합격,,,True
45.0,2026-03-30,PAUT,DT2024-016-101-0-3-850A,R9,W-2021-A-98,850,합격,2.7131,True,2026-03-30,R09,850A,10.3,√,,,,,,,,,,,W-2021-A-98,2.7131,합격,,,True
48.0,2026-05-11,PAUT,DT2024-016-101-0-4-850A,R9,W-2021-A-98,850,합격,2.7131,True,2026-05-11,R09,850A,10.3,√,,,,,,,,,,,W-2021-A-98,2.7131,합격,,,True
46.0,2026-03-30,PAUT,DT2024-016-101-0-3-850A,R9-1,W-2021-A-98,850,합격,2.7131,True,2026-03-30,R09-1,850A,10.3,√,,,,,,,,,,,W-2021-A-98,2.7131,합격,,,True
47.0,2026-03-30,PAUT,DT2024-016-101-0-3-850A,R10,W-2021-A-98,850,합격,2.7131,True,2026-03-30,R10,850A,10.3,√,,,,,,,,,,,W-2021-A-98,2.7131,합격,,,True
49.0,2026-05-11,PAUT,DT2024-016-101-0-4-850A,R10,W-2021-A-98,850,합격,2.7131,True,2026-05-11,R10,850A,10.3,√,,,,,,,,,,,W-2021-A-98,2.7131,합격,,,True
50.0,2026-05-11,PAUT,DT2024-016-101-0-4-850A,R11,W-2021-A-98,850,합격,2.7131,True,2026-05-11,R11,850A,10.3,√,,,,,,,,,,,W-2021-A-98,2.7131,합격,,,True
51.0,2026-05-11,PAUT,DT2024-016-101-0-4-850A,R12,W-2021-A-98,850,합격,2.7131,True,2026-05-11,R12,850A,10.3,√,,,,,,,,,,,W-2021-A-98,2.7131,합격,,,True
33.0,2026-03-30,PAUT,DT2024-016-101-0-3-850A,S1,W-2023-A-10,850,합격,2.7131,True,2026-03-30,S01,850A,10.3,√,,,,,,,,,,,W-2023-A-10,2.7131,합격,,,True
45.0,2026-04-07,PAUT,DT2024-016-018-0-1-300A,S1,W-2021-A-99,300A,합격,1.0006,True,2026-04-07,S01,300A,6.4,√,,,,,,,,,,,W-2021-A-99,1.0006,합격,,,True
36.0,2026-05-11,PAUT,DT2024-016-101-0-4-850A,S1,W-2023-A-27,850,합격,2.7131,True,2026-05-11,S01,850A,10.3,√,,,,,,,,,,,W-2023-A-27,2.7131,합격,,,True
34.0,2026-03-30,PAUT,DT2024-016-101-0-3-850A,S2,W-2023-A-10,850,합격,2.7131,True,2026-03-30,S02,850A,10.3,√,,,,,,,,,,,W-2023-A-10,2.7131,합격,,,True
46.0,2026-04-07,PAUT,DT2024-016-018-0-1-300A,S2,W-2021-A-99,300A,합격,1.0006,True,2026-04-07,S02,300A,6.4,√,,,,,,,,,,,W-2021-A-99,1.0006,합격,,,True
37.0,2026-05-11,PAUT,DT2024-016-101-0-4-850A,S2,W-2023-A-27,850,합격,2.7131,True,2026-05-11,S02,850A,10.3,√,,,,,,,,,,,W-2023-A-27,2.7131,합격,,,True
35.0,2026-03-30,PAUT,DT2024-016-101-0-3-850A,S3,W-2023-A-10,850,합격,2.7131,True,2026-03-30,S03,850A,10.3,√,,,,,,,,,,,W-2023-A-10,2.7131,합격,,,True
47.0,2026-04-07,PAUT,DT2024-016-018-0-1-300A,S3,W-2021-A-99,300A,합격,1.0006,True,2026-04-07,S03,300A,6.4,√,,,,,,,,,,,W-2021-A-99,1.0006,합격,,,True
38.0,2026-05-11,PAUT,DT2024-016-101-0-4-850A,S3,W-2023-A-27,850,합격,2.7131,True,2026-05-11,S03,850A,10.3,√,,,,,,,,,,,W-2023-A-27,2.7131,합격,,,True
1.0,2026-03-13,PAUT,DT2024-016-101-0-3-850A,S4,W-2023-A-10,850,합격,2.7131,True,2026-03-13,S04,850A,10.3,√,,,,,,,,,,,W-2023-A-10,2.7131,합격,,,True
48.0,2026-04-07,PAUT,DT2024-016-018-0-1-300A,S4,W-2021-A-99,300A,합격,1.0006,True,2026-04-07,S04,300A,6.4,√,,,,,,,,,,,W-2021-A-99,1.0006,합격,,,True
39.0,2026-05-11,PAUT,DT2024-016-101-0-4-850A,S4,W-2023-A-27,850,합격,2.7131,True,2026-05-11,S04,850A,10.3,√,,,,,,,,,,,W-2023-A-27,2.7131,합격,,,True
2.0,2026-03-13,PAUT,DT2024-016-101-0-3-850A,S5,W-2023-A-10,850,합격,2.7131,True,2026-03-13,S05,850A,10.3,√,,,,,,,,,,,W-2023-A-10,2.7131,합격,,,True
49.0,2026-04-07,PAUT,DT2024-016-018-0-1-300A,S5,W-2021-A-99,300A,합격,1.0006,True,2026-04-07,S05,300A,6.4,√,,,,,,,,,,,W-2021-A-99,1.0006,합격,,,True
55.0,2026-04-21,PAUT,DT2024-016-101-0-4-850A,S5,W-2021-A-99,850,합격,2.7131,True,2026-04-21,S05,850A,10.3,√,,,,,,,,,,,W-2021-A-99,2.7131,합격,,,True
3.0,2026-03-13,PAUT,DT2024-016-101-0-3-850A,S6,W-2023-A-10,850,합격,2.7131,True,2026-03-13,S06,850A,10.3,√,,,,,,,,,,,W-2023-A-10,2.7131,합격,,,True
56.0,2026-04-21,PAUT,DT2024-016-101-0-4-850A,S6,W-2021-A-99,850,합격,2.7131,True,2026-04-21,S06,850A,10.3,√,,,,,,,,,,,W-2021-A-99,2.7131,합격,,,True
4.0,2026-03-13,PAUT,DT2024-016-101-0-3-850A,S7,W-2023-A-10,850,합격,2.7131,True,2026-03-13,S07,850A,10.3,√,,,,,,,,,,,W-2023-A-10,2.7131,합격,,,True
57.0,2026-04-21,PAUT,DT2024-016-101-0-4-850A,S7,W-2021-A-99,850,합격,2.7131,True,2026-04-21,S07,850A,10.3,√,,,,,,,,,,,W-2021-A-99,2.7131,합격,,,True
36.0,2026-03-30,PAUT,DT2024-016-101-0-3-850A,S8,W-2023-A-10,850,합격,2.7131,True,2026-03-30,S08,850A,10.3,√,,,,,,,,,,,W-2023-A-10,2.7131,합격,,,True
58.0,2026-04-21,PAUT,DT2024-016-101-0-4-850A,S8,W-2021-A-99,850,합격,2.7131,True,2026-04-21,S08,850A,10.3,√,,,,,,,,,,,W-2021-A-99,2.7131,합격,,,True
37.0,2026-03-30,PAUT,DT2024-016-101-0-3-850A,S9,W-2023-A-10,850,합격,2.7131,True,2026-03-30,S09,850A,10.3,√,,,,,,,,,,,W-2023-A-10,2.7131,합격,,,True
40.0,2026-05-11,PAUT,DT2024-016-101-0-4-850A,S9,W-2023-A-27,850,합격,2.7131,True,2026-05-11,S09,850A,10.3,√,,,,,,,,,,,W-2023-A-27,2.7131,합격,,,True
38.0,2026-03-30,PAUT,DT2024-016-101-0-3-850A,S10,W-2023-A-10,850,합격,2.7131,True,2026-03-30,S10,850A,10.3,√,,,,,,,,,,,W-2023-A-10,2.7131,합격,,,True
41.0,2026-05-11,PAUT,DT2024-016-101-0-4-850A,S10,W-2023-A-27,850,합격,2.7131,True,2026-05-11,S10,850A,10.3,√,,,,,,,,,,,W-2023-A-27,2.7131,합격,,,True
42.0,2026-05-11,PAUT,DT2024-016-101-0-4-850A,S11,W-2023-A-27,850,합격,2.7131,True,2026-05-11,S11,850A,10.3,√,,,,,,,,,,,W-2023-A-27,2.7131,합격,,,True
43.0,2026-05-11,PAUT,DT2024-016-101-0-4-850A,S12,W-2023-A-27,850,합격,2.7131,True,2026-05-11,S12,850A,10.3,√,,,,,,,,,,,W-2023-A-27,2.7131,합격,,,True
